Temperature (K)	Pressure (bar)	Density (l, mol/l)	Volume (l, l/mol)	Internal Energy (l, kJ/mol)	Enthalpy (l, kJ/mol)	Entropy (l, J/mol*K)	Cv (l, J/mol*K)	Cp (l, J/mol*K)	Sound Spd. (l, m/s)	Joule-Thomson (l, K/bar)	Viscosity (l, uPa*s)	Therm. Cond. (l, W/m*K)	Surf. Tension (l, N/m)	Density (v, mol/l)	Volume (v, l/mol)	Internal Energy (v, kJ/mol)	Enthalpy (v, kJ/mol)	Entropy (v, J/mol*K)	Cv (v, J/mol*K)	Cp (v, J/mol*K)	Sound Spd. (v, m/s)	Joule-Thomson (v, K/bar)	Viscosity (v, uPa*s)	Therm. Cond. (v, W/m*K)
85.000	0.78897	35.284	0.028342	-4.8000	-4.7977	53.740	21.764	44.571	854.24	-0.040120	279.46	0.13191	0.013106	0.11492	8.7019	1.0212	1.7078	130.28	13.015	22.310	169.08	3.4706	6.9622	0.0054485
85.100	0.79783	35.268	0.028354	-4.7955	-4.7933	53.792	21.748	44.573	853.55	-0.040087	278.59	0.13176	0.013081	0.11610	8.6133	1.0221	1.7093	130.20	13.019	22.322	169.16	3.4624	6.9711	0.0054560
85.200	0.80677	35.253	0.028366	-4.7911	-4.7888	53.844	21.732	44.574	852.87	-0.040053	277.72	0.13161	0.013056	0.11729	8.5259	1.0230	1.7109	130.13	13.022	22.334	169.24	3.4542	6.9801	0.0054636
85.300	0.81578	35.238	0.028379	-4.7866	-4.7843	53.896	21.717	44.575	852.18	-0.040018	276.86	0.13147	0.013031	0.11849	8.4395	1.0239	1.7124	130.06	13.026	22.346	169.32	3.4461	6.9890	0.0054711
85.400	0.82488	35.222	0.028391	-4.7822	-4.7799	53.948	21.701	44.577	851.49	-0.039983	276.00	0.13132	0.013006	0.11970	8.3542	1.0248	1.7139	129.99	13.030	22.359	169.40	3.4380	6.9980	0.0054787
85.500	0.83405	35.207	0.028403	-4.7777	-4.7754	54.001	21.686	44.578	850.80	-0.039948	275.14	0.13117	0.012981	0.12092	8.2700	1.0257	1.7155	129.92	13.034	22.371	169.48	3.4299	7.0069	0.0054862
85.600	0.84330	35.192	0.028416	-4.7733	-4.7709	54.053	21.670	44.580	850.11	-0.039913	274.29	0.13102	0.012956	0.12215	8.1869	1.0266	1.7170	129.85	13.037	22.383	169.56	3.4219	7.0158	0.0054938
85.700	0.85263	35.177	0.028428	-4.7689	-4.7664	54.104	21.655	44.582	849.42	-0.039877	273.44	0.13088	0.012931	0.12338	8.1048	1.0275	1.7185	129.77	13.041	22.395	169.64	3.4139	7.0248	0.0055014
85.800	0.86204	35.161	0.028440	-4.7644	-4.7620	54.156	21.640	44.584	848.73	-0.039842	272.59	0.13073	0.012906	0.12463	8.0237	1.0284	1.7200	129.70	13.045	22.408	169.71	3.4059	7.0337	0.0055090
85.900	0.87153	35.146	0.028453	-4.7600	-4.7575	54.208	21.625	44.586	848.04	-0.039805	271.75	0.13058	0.012882	0.12589	7.9436	1.0293	1.7216	129.63	13.049	22.420	169.79	3.3980	7.0427	0.0055166
86.000	0.88110	35.131	0.028465	-4.7555	-4.7530	54.260	21.609	44.589	847.35	-0.039769	270.91	0.13043	0.012857	0.12715	7.8646	1.0301	1.7231	129.56	13.053	22.433	169.87	3.3901	7.0516	0.0055242
86.100	0.89075	35.115	0.028478	-4.7511	-4.7485	54.312	21.594	44.591	846.66	-0.039732	270.07	0.13029	0.012832	0.12843	7.7864	1.0310	1.7246	129.49	13.057	22.446	169.95	3.3822	7.0606	0.0055318
86.200	0.90048	35.100	0.028490	-4.7466	-4.7441	54.363	21.579	44.594	845.97	-0.039695	269.24	0.13014	0.012807	0.12971	7.7093	1.0319	1.7261	129.42	13.061	22.459	170.02	3.3744	7.0696	0.0055394
86.300	0.91029	35.085	0.028503	-4.7422	-4.7396	54.415	21.564	44.597	845.28	-0.039657	268.41	0.12999	0.012782	0.13101	7.6331	1.0328	1.7276	129.35	13.064	22.471	170.10	3.3665	7.0785	0.0055470
86.400	0.92019	35.069	0.028515	-4.7377	-4.7351	54.466	21.549	44.600	844.59	-0.039619	267.58	0.12985	0.012757	0.13231	7.5579	1.0336	1.7291	129.28	13.068	22.484	170.18	3.3588	7.0875	0.0055547
86.500	0.93017	35.054	0.028528	-4.7333	-4.7306	54.518	21.534	44.603	843.90	-0.039581	266.76	0.12970	0.012733	0.13363	7.4835	1.0345	1.7306	129.21	13.072	22.497	170.26	3.3510	7.0965	0.0055623
86.600	0.94023	35.038	0.028540	-4.7288	-4.7261	54.569	21.520	44.606	843.20	-0.039543	265.94	0.12955	0.012708	0.13495	7.4101	1.0354	1.7321	129.14	13.076	22.510	170.33	3.3433	7.1055	0.0055699
86.700	0.95037	35.023	0.028553	-4.7244	-4.7217	54.621	21.505	44.609	842.51	-0.039504	265.13	0.12940	0.012683	0.13628	7.3376	1.0362	1.7336	129.08	13.080	22.523	170.41	3.3356	7.1144	0.0055776
86.800	0.96060	35.008	0.028565	-4.7199	-4.7172	54.672	21.490	44.613	841.82	-0.039465	264.32	0.12926	0.012658	0.13763	7.2660	1.0371	1.7351	129.01	13.084	22.536	170.48	3.3279	7.1234	0.0055853
86.900	0.97091	34.992	0.028578	-4.7155	-4.7127	54.723	21.475	44.616	841.12	-0.039426	263.51	0.12911	0.012633	0.13898	7.1952	1.0380	1.7365	128.94	13.088	22.550	170.56	3.3203	7.1324	0.0055929
87.000	0.98131	34.977	0.028590	-4.7110	-4.7082	54.774	21.461	44.620	840.43	-0.039386	262.70	0.12896	0.012609	0.14035	7.1253	1.0388	1.7380	128.87	13.092	22.563	170.64	3.3127	7.1414	0.0056006
87.100	0.99180	34.961	0.028603	-4.7066	-4.7037	54.825	21.446	44.624	839.74	-0.039346	261.90	0.12882	0.012584	0.14172	7.0562	1.0397	1.7395	128.80	13.096	22.576	170.71	3.3051	7.1504	0.0056083
87.200	1.0024	34.946	0.028616	-4.7021	-4.6993	54.876	21.432	44.628	839.04	-0.039306	261.10	0.12867	0.012559	0.14310	6.9880	1.0405	1.7410	128.73	13.100	22.590	170.79	3.2976	7.1594	0.0056160
87.300	1.0130	34.931	0.028628	-4.6977	-4.6948	54.928	21.417	44.632	838.35	-0.039266	260.31	0.12852	0.012535	0.14450	6.9206	1.0414	1.7424	128.66	13.104	22.603	170.86	3.2901	7.1684	0.0056237
87.400	1.0238	34.915	0.028641	-4.6932	-4.6903	54.978	21.403	44.636	837.65	-0.039225	259.52	0.12838	0.012510	0.14590	6.8539	1.0422	1.7439	128.60	13.109	22.617	170.94	3.2826	7.1774	0.0056314
87.500	1.0346	34.900	0.028654	-4.6888	-4.6858	55.029	21.388	44.640	836.96	-0.039184	258.73	0.12823	0.012485	0.14732	6.7881	1.0431	1.7454	128.53	13.113	22.631	171.01	3.2752	7.1864	0.0056391
87.600	1.0455	34.884	0.028666	-4.6843	-4.6813	55.080	21.374	44.645	836.26	-0.039142	257.94	0.12808	0.012460	0.14874	6.7231	1.0439	1.7468	128.46	13.117	22.644	171.09	3.2677	7.1954	0.0056468
87.700	1.0565	34.869	0.028679	-4.6799	-4.6768	55.131	21.360	44.649	835.56	-0.039100	257.16	0.12794	0.012436	0.15018	6.6589	1.0447	1.7483	128.39	13.121	22.658	171.16	3.2604	7.2044	0.0056546
87.800	1.0676	34.853	0.028692	-4.6754	-4.6724	55.182	21.345	44.654	834.87	-0.039058	256.38	0.12779	0.012411	0.15162	6.5954	1.0456	1.7497	128.33	13.125	22.672	171.24	3.2530	7.2134	0.0056623
87.900	1.0788	34.838	0.028704	-4.6710	-4.6679	55.232	21.331	44.659	834.17	-0.039016	255.61	0.12764	0.012386	0.15308	6.5327	1.0464	1.7512	128.26	13.129	22.686	171.31	3.2457	7.2224	0.0056701
88.000	1.0901	34.822	0.028717	-4.6665	-4.6634	55.283	21.317	44.664	833.47	-0.038973	254.84	0.12750	0.012362	0.15454	6.4707	1.0472	1.7526	128.19	13.133	22.700	171.39	3.2383	7.2315	0.0056778
88.100	1.1014	34.807	0.028730	-4.6621	-4.6589	55.334	21.303	44.669	832.78	-0.038930	254.07	0.12735	0.012337	0.15602	6.4094	1.0481	1.7540	128.13	13.138	22.714	171.46	3.2311	7.2405	0.0056856
88.200	1.1129	34.791	0.028743	-4.6576	-4.6544	55.384	21.289	44.674	832.08	-0.038887	253.30	0.12720	0.012312	0.15751	6.3489	1.0489	1.7555	128.06	13.142	22.729	171.53	3.2238	7.2495	0.0056934
88.300	1.1244	34.776	0.028756	-4.6532	-4.6499	55.435	21.275	44.680	831.38	-0.038843	252.54	0.12706	0.012288	0.15901	6.2891	1.0497	1.7569	127.99	13.146	22.743	171.61	3.2166	7.2586	0.0057011
88.400	1.1361	34.760	0.028768	-4.6487	-4.6454	55.485	21.261	44.685	830.68	-0.038799	251.78	0.12691	0.012263	0.16051	6.2300	1.0506	1.7583	127.93	13.150	22.757	171.68	3.2094	7.2676	0.0057089
88.500	1.1478	34.745	0.028781	-4.6443	-4.6410	55.535	21.247	44.691	829.98	-0.038755	251.02	0.12677	0.012239	0.16203	6.1716	1.0514	1.7597	127.86	13.155	22.772	171.75	3.2022	7.2766	0.0057167
88.600	1.1596	34.729	0.028794	-4.6398	-4.6365	55.586	21.233	44.696	829.28	-0.038711	250.27	0.12662	0.012214	0.16356	6.1138	1.0522	1.7612	127.79	13.159	22.786	171.83	3.1951	7.2857	0.0057245
88.700	1.1715	34.714	0.028807	-4.6353	-4.6320	55.636	21.219	44.702	828.58	-0.038666	249.52	0.12647	0.012189	0.16510	6.0568	1.0530	1.7626	127.73	13.163	22.801	171.90	3.1880	7.2947	0.0057324
88.800	1.1835	34.698	0.028820	-4.6309	-4.6275	55.686	21.206	44.708	827.88	-0.038621	248.77	0.12633	0.012165	0.16666	6.0004	1.0538	1.7640	127.66	13.167	22.815	171.97	3.1809	7.3038	0.0057402
88.900	1.1956	34.682	0.028833	-4.6264	-4.6230	55.736	21.192	44.714	827.18	-0.038575	248.03	0.12618	0.012140	0.16822	5.9446	1.0546	1.7654	127.60	13.172	22.830	172.04	3.1738	7.3128	0.0057480
89.000	1.2078	34.667	0.028846	-4.6220	-4.6185	55.787	21.178	44.720	826.48	-0.038530	247.29	0.12604	0.012116	0.16979	5.8895	1.0554	1.7668	127.53	13.176	22.845	172.12	3.1668	7.3219	0.0057559
89.100	1.2201	34.651	0.028859	-4.6175	-4.6140	55.837	21.164	44.727	825.78	-0.038484	246.55	0.12589	0.012091	0.17138	5.8350	1.0562	1.7682	127.47	13.180	22.860	172.19	3.1598	7.3310	0.0057637
89.200	1.2325	34.636	0.028872	-4.6131	-4.6095	55.887	21.151	44.733	825.08	-0.038437	245.82	0.12574	0.012067	0.17297	5.7812	1.0570	1.7696	127.40	13.185	22.875	172.26	3.1528	7.3400	0.0057716
89.300	1.2450	34.620	0.028885	-4.6086	-4.6050	55.937	21.137	44.740	824.38	-0.038391	245.08	0.12560	0.012042	0.17458	5.7280	1.0578	1.7710	127.34	13.189	22.890	172.33	3.1458	7.3491	0.0057795
89.400	1.2576	34.604	0.028898	-4.6042	-4.6005	55.987	21.124	44.746	823.67	-0.038344	244.35	0.12545	0.012018	0.17620	5.6754	1.0586	1.7723	127.27	13.194	22.905	172.40	3.1389	7.3582	0.0057873
89.500	1.2702	34.589	0.028911	-4.5997	-4.5960	56.036	21.110	44.753	822.97	-0.038296	243.63	0.12531	0.011993	0.17783	5.6234	1.0594	1.7737	127.21	13.198	22.920	172.47	3.1320	7.3673	0.0057952
89.600	1.2830	34.573	0.028924	-4.5952	-4.5915	56.086	21.097	44.760	822.27	-0.038249	242.91	0.12516	0.011969	0.17947	5.5720	1.0602	1.7751	127.14	13.203	22.936	172.55	3.1251	7.3763	0.0058031
89.700	1.2959	34.558	0.028937	-4.5908	-4.5870	56.136	21.083	44.767	821.56	-0.038201	242.19	0.12502	0.011944	0.18112	5.5212	1.0610	1.7765	127.08	13.207	22.951	172.62	3.1183	7.3854	0.0058110
89.800	1.3088	34.542	0.028950	-4.5863	-4.5825	56.186	21.070	44.774	820.86	-0.038153	241.47	0.12487	0.011920	0.18278	5.4709	1.0618	1.7778	127.01	13.212	22.967	172.69	3.1115	7.3945	0.0058189
89.900	1.3219	34.526	0.028964	-4.5819	-4.5780	56.235	21.057	44.781	820.16	-0.038104	240.75	0.12472	0.011895	0.18446	5.4212	1.0626	1.7792	126.95	13.216	22.982	172.76	3.1047	7.4036	0.0058269
90.000	1.3351	34.511	0.028977	-4.5774	-4.5735	56.285	21.043	44.789	819.45	-0.038056	240.04	0.12458	0.011871	0.18615	5.3721	1.0634	1.7806	126.89	13.221	22.998	172.83	3.0979	7.4127	0.0058348
90.100	1.3483	34.495	0.028990	-4.5729	-4.5690	56.334	21.030	44.796	818.75	-0.038006	239.33	0.12443	0.011846	0.18784	5.3236	1.0641	1.7819	126.82	13.225	23.013	172.90	3.0911	7.4218	0.0058428
90.200	1.3617	34.479	0.029003	-4.5685	-4.5645	56.384	21.017	44.804	818.04	-0.037957	238.63	0.12429	0.011822	0.18955	5.2756	1.0649	1.7833	126.76	13.230	23.029	172.97	3.0844	7.4309	0.0058507
90.300	1.3752	34.463	0.029016	-4.5640	-4.5600	56.433	21.004	44.812	817.34	-0.037907	237.93	0.12414	0.011797	0.19127	5.2281	1.0657	1.7846	126.70	13.234	23.045	173.04	3.0777	7.4400	0.0058587
90.400	1.3887	34.448	0.029030	-4.5595	-4.5555	56.483	20.990	44.819	816.63	-0.037857	237.23	0.12400	0.011773	0.19301	5.1812	1.0665	1.7860	126.63	13.239	23.061	173.11	3.0710	7.4491	0.0058666
90.500	1.4024	34.432	0.029043	-4.5551	-4.5510	56.532	20.977	44.827	815.92	-0.037807	236.53	0.12385	0.011749	0.19475	5.1347	1.0672	1.7873	126.57	13.243	23.077	173.18	3.0644	7.4583	0.0058746
90.600	1.4162	34.416	0.029056	-4.5506	-4.5465	56.582	20.964	44.835	815.22	-0.037756	235.84	0.12371	0.011724	0.19651	5.0889	1.0680	1.7886	126.51	13.248	23.093	173.25	3.0577	7.4674	0.0058826
90.700	1.4300	34.400	0.029069	-4.5462	-4.5420	56.631	20.951	44.844	814.51	-0.037705	235.14	0.12356	0.011700	0.19828	5.0435	1.0687	1.7900	126.44	13.253	23.109	173.32	3.0511	7.4765	0.0058906
90.800	1.4440	34.385	0.029083	-4.5417	-4.5375	56.680	20.938	44.852	813.80	-0.037654	234.46	0.12342	0.011675	0.20006	4.9986	1.0695	1.7913	126.38	13.257	23.126	173.38	3.0446	7.4857	0.0058986
90.900	1.4581	34.369	0.029096	-4.5372	-4.5330	56.729	20.925	44.860	813.09	-0.037602	233.77	0.12327	0.011651	0.20185	4.9542	1.0703	1.7926	126.32	13.262	23.142	173.45	3.0380	7.4948	0.0059067
91.000	1.4723	34.353	0.029109	-4.5328	-4.5285	56.778	20.912	44.869	812.39	-0.037551	233.09	0.12313	0.011627	0.20365	4.9104	1.0710	1.7939	126.26	13.267	23.159	173.52	3.0315	7.5039	0.0059147
91.100	1.4865	34.337	0.029123	-4.5283	-4.5240	56.828	20.900	44.877	811.68	-0.037498	232.41	0.12298	0.011602	0.20547	4.8670	1.0718	1.7953	126.19	13.271	23.175	173.59	3.0250	7.5131	0.0059227
91.200	1.5009	34.322	0.029136	-4.5238	-4.5194	56.877	20.887	44.886	810.97	-0.037446	231.73	0.12284	0.011578	0.20730	4.8240	1.0725	1.7966	126.13	13.276	23.192	173.66	3.0185	7.5222	0.0059308
91.300	1.5154	34.306	0.029150	-4.5193	-4.5149	56.926	20.874	44.895	810.26	-0.037393	231.05	0.12269	0.011554	0.20914	4.7816	1.0733	1.7979	126.07	13.281	23.208	173.73	3.0120	7.5314	0.0059389
91.400	1.5300	34.290	0.029163	-4.5149	-4.5104	56.975	20.861	44.904	809.55	-0.037340	230.38	0.12255	0.011529	0.21099	4.7396	1.0740	1.7992	126.01	13.286	23.225	173.79	3.0056	7.5405	0.0059469
91.500	1.5447	34.274	0.029177	-4.5104	-4.5059	57.023	20.848	44.913	808.84	-0.037286	229.71	0.12240	0.011505	0.21285	4.6981	1.0747	1.8005	125.95	13.290	23.242	173.86	2.9992	7.5497	0.0059550
91.600	1.5596	34.258	0.029190	-4.5059	-4.5014	57.072	20.836	44.922	808.13	-0.037233	229.04	0.12226	0.011481	0.21473	4.6570	1.0755	1.8018	125.88	13.295	23.259	173.93	2.9928	7.5589	0.0059631
91.700	1.5745	34.242	0.029204	-4.5015	-4.4969	57.121	20.823	44.932	807.42	-0.037179	228.38	0.12211	0.011457	0.21662	4.6164	1.0762	1.8031	125.82	13.300	23.276	174.00	2.9864	7.5681	0.0059712
91.800	1.5895	34.227	0.029217	-4.4970	-4.4923	57.170	20.810	44.941	806.71	-0.037124	227.72	0.12197	0.011432	0.21852	4.5762	1.0769	1.8043	125.76	13.305	23.293	174.06	2.9801	7.5772	0.0059793
91.900	1.6046	34.211	0.029231	-4.4925	-4.4878	57.219	20.798	44.950	805.99	-0.037070	227.06	0.12182	0.011408	0.22043	4.5365	1.0777	1.8056	125.70	13.310	23.311	174.13	2.9737	7.5864	0.0059875
92.000	1.6199	34.195	0.029244	-4.4880	-4.4833	57.267	20.785	44.960	805.28	-0.037015	226.40	0.12168	0.011384	0.22236	4.4972	1.0784	1.8069	125.64	13.314	23.328	174.20	2.9674	7.5956	0.0059956
92.100	1.6353	34.179	0.029258	-4.4836	-4.4788	57.316	20.773	44.970	804.57	-0.036959	225.75	0.12153	0.011359	0.22430	4.4583	1.0791	1.8082	125.58	13.319	23.345	174.26	2.9612	7.6048	0.0060038
92.200	1.6507	34.163	0.029271	-4.4791	-4.4743	57.365	20.760	44.980	803.86	-0.036904	225.10	0.12139	0.011335	0.22625	4.4198	1.0798	1.8094	125.52	13.324	23.363	174.33	2.9549	7.6140	0.0060119
92.300	1.6663	34.147	0.029285	-4.4746	-4.4697	57.413	20.748	44.990	803.14	-0.036848	224.45	0.12124	0.011311	0.22822	4.3818	1.0806	1.8107	125.46	13.329	23.381	174.40	2.9487	7.6232	0.0060201
92.400	1.6820	34.131	0.029299	-4.4701	-4.4652	57.462	20.735	45.000	802.43	-0.036791	223.80	0.12110	0.011287	0.23019	4.3442	1.0813	1.8120	125.40	13.334	23.398	174.46	2.9425	7.6324	0.0060283
92.500	1.6978	34.115	0.029312	-4.4657	-4.4607	57.510	20.723	45.010	801.71	-0.036735	223.16	0.12096	0.011263	0.23218	4.3069	1.0820	1.8132	125.34	13.339	23.416	174.53	2.9363	7.6416	0.0060365
92.600	1.7137	34.099	0.029326	-4.4612	-4.4562	57.558	20.711	45.020	801.00	-0.036678	222.52	0.12081	0.011238	0.23419	4.2701	1.0827	1.8145	125.28	13.344	23.434	174.59	2.9301	7.6508	0.0060447
92.700	1.7297	34.083	0.029340	-4.4567	-4.4516	57.607	20.698	45.031	800.28	-0.036621	221.88	0.12067	0.011214	0.23620	4.2337	1.0834	1.8157	125.22	13.349	23.452	174.66	2.9240	7.6601	0.0060529
92.800	1.7459	34.067	0.029354	-4.4522	-4.4471	57.655	20.686	45.041	799.57	-0.036563	221.24	0.12052	0.011190	0.23823	4.1976	1.0841	1.8169	125.16	13.354	23.470	174.72	2.9178	7.6693	0.0060611
92.900	1.7621	34.051	0.029367	-4.4477	-4.4426	57.703	20.674	45.052	798.85	-0.036505	220.61	0.12038	0.011166	0.24027	4.1619	1.0848	1.8182	125.10	13.359	23.488	174.79	2.9117	7.6785	0.0060694
93.000	1.7785	34.035	0.029381	-4.4433	-4.4380	57.752	20.662	45.063	798.14	-0.036447	219.98	0.12023	0.011142	0.24233	4.1266	1.0855	1.8194	125.04	13.364	23.506	174.85	2.9056	7.6877	0.0060776
93.100	1.7950	34.019	0.029395	-4.4388	-4.4335	57.800	20.650	45.073	797.42	-0.036388	219.35	0.12009	0.011118	0.24440	4.0917	1.0862	1.8206	124.98	13.369	23.525	174.92	2.8996	7.6970	0.0060859
93.200	1.8115	34.003	0.029409	-4.4343	-4.4290	57.848	20.637	45.084	796.70	-0.036329	218.73	0.11995	0.011094	0.24648	4.0572	1.0869	1.8219	124.92	13.374	23.543	174.98	2.8935	7.7062	0.0060942
93.300	1.8283	33.987	0.029423	-4.4298	-4.4244	57.896	20.625	45.096	795.99	-0.036270	218.10	0.11980	0.011069	0.24857	4.0230	1.0876	1.8231	124.86	13.379	23.562	175.05	2.8875	7.7155	0.0061024
93.400	1.8451	33.971	0.029437	-4.4253	-4.4199	57.944	20.613	45.107	795.27	-0.036211	217.48	0.11966	0.011045	0.25068	3.9892	1.0883	1.8243	124.80	13.384	23.580	175.11	2.8815	7.7247	0.0061107
93.500	1.8620	33.955	0.029451	-4.4208	-4.4154	57.992	20.601	45.118	794.55	-0.036151	216.86	0.11951	0.011021	0.25280	3.9557	1.0889	1.8255	124.74	13.389	23.599	175.17	2.8755	7.7340	0.0061190
93.600	1.8791	33.939	0.029464	-4.4163	-4.4108	58.040	20.589	45.129	793.83	-0.036091	216.25	0.11937	0.010997	0.25493	3.9226	1.0896	1.8267	124.68	13.395	23.618	175.24	2.8696	7.7433	0.0061274
93.700	1.8963	33.923	0.029478	-4.4119	-4.4063	58.088	20.577	45.141	793.11	-0.036030	215.63	0.11923	0.010973	0.25708	3.8898	1.0903	1.8279	124.62	13.400	23.637	175.30	2.8637	7.7525	0.0061357
93.800	1.9136	33.907	0.029492	-4.4074	-4.4017	58.136	20.565	45.153	792.39	-0.035970	215.02	0.11908	0.010949	0.25924	3.8574	1.0910	1.8291	124.56	13.405	23.656	175.36	2.8577	7.7618	0.0061440
93.900	1.9310	33.891	0.029506	-4.4029	-4.3972	58.184	20.553	45.164	791.67	-0.035908	214.41	0.11894	0.010925	0.26142	3.8253	1.0916	1.8303	124.50	13.410	23.675	175.43	2.8518	7.7711	0.0061524
94.000	1.9485	33.875	0.029520	-4.3984	-4.3926	58.232	20.541	45.176	790.95	-0.035847	213.80	0.11879	0.010901	0.26361	3.7935	1.0923	1.8315	124.45	13.415	23.694	175.49	2.8460	7.7804	0.0061608
94.100	1.9661	33.859	0.029535	-4.3939	-4.3881	58.280	20.529	45.188	790.23	-0.035785	213.20	0.11865	0.010877	0.26581	3.7621	1.0930	1.8327	124.39	13.421	23.713	175.55	2.8401	7.7897	0.0061692
94.200	1.9839	33.843	0.029549	-4.3894	-4.3835	58.327	20.518	45.200	789.51	-0.035723	212.60	0.11851	0.010853	0.26802	3.7310	1.0936	1.8338	124.33	13.426	23.733	175.61	2.8343	7.7990	0.0061776
94.300	2.0018	33.826	0.029563	-4.3849	-4.3790	58.375	20.506	45.212	788.79	-0.035661	212.00	0.11836	0.010829	0.27025	3.7002	1.0943	1.8350	124.27	13.431	23.752	175.68	2.8285	7.8083	0.0061860
94.400	2.0198	33.810	0.029577	-4.3804	-4.3744	58.423	20.494	45.225	788.07	-0.035598	211.40	0.11822	0.010805	0.27250	3.6698	1.0949	1.8362	124.21	13.436	23.772	175.74	2.8227	7.8176	0.0061944
94.500	2.0380	33.794	0.029591	-4.3759	-4.3699	58.470	20.482	45.237	787.34	-0.035535	210.81	0.11808	0.010781	0.27475	3.6396	1.0956	1.8373	124.16	13.442	23.792	175.80	2.8169	7.8269	0.0062028
94.600	2.0562	33.778	0.029605	-4.3714	-4.3653	58.518	20.471	45.250	786.62	-0.035471	210.21	0.11793	0.010757	0.27702	3.6098	1.0962	1.8385	124.10	13.447	23.811	175.86	2.8111	7.8362	0.0062113
94.700	2.0746	33.762	0.029619	-4.3669	-4.3608	58.566	20.459	45.262	785.90	-0.035408	209.62	0.11779	0.010733	0.27931	3.5803	1.0969	1.8396	124.04	13.452	23.831	175.92	2.8054	7.8456	0.0062197
94.800	2.0931	33.746	0.029634	-4.3624	-4.3562	58.613	20.447	45.275	785.17	-0.035344	209.03	0.11765	0.010709	0.28161	3.5510	1.0975	1.8408	123.98	13.458	23.851	175.99	2.7997	7.8549	0.0062282
94.900	2.1117	33.729	0.029648	-4.3579	-4.3517	58.661	20.436	45.288	784.45	-0.035279	208.45	0.11750	0.010685	0.28392	3.5221	1.0982	1.8419	123.92	13.463	23.871	176.05	2.7940	7.8642	0.0062367
95.000	2.1305	33.713	0.029662	-4.3534	-4.3471	58.708	20.424	45.301	783.72	-0.035214	207.87	0.11736	0.010661	0.28625	3.4935	1.0988	1.8431	123.87	13.469	23.892	176.11	2.7883	7.8736	0.0062452
95.100	2.1493	33.697	0.029676	-4.3489	-4.3425	58.755	20.412	45.314	783.00	-0.035149	207.28	0.11722	0.010637	0.28859	3.4651	1.0994	1.8442	123.81	13.474	23.912	176.17	2.7826	7.8829	0.0062537
95.200	2.1683	33.681	0.029691	-4.3444	-4.3380	58.803	20.401	45.327	782.27	-0.035084	206.70	0.11707	0.010613	0.29095	3.4370	1.1001	1.8453	123.75	13.479	23.932	176.23	2.7770	7.8923	0.0062622
95.300	2.1875	33.664	0.029705	-4.3399	-4.3334	58.850	20.389	45.340	781.55	-0.035018	206.13	0.11693	0.010589	0.29332	3.4093	1.1007	1.8465	123.70	13.485	23.953	176.29	2.7713	7.9016	0.0062707
95.400	2.2067	33.648	0.029719	-4.3354	-4.3289	58.897	20.378	45.353	780.82	-0.034952	205.55	0.11679	0.010565	0.29570	3.3818	1.1013	1.8476	123.64	13.490	23.974	176.35	2.7657	7.9110	0.0062793
95.500	2.2261	33.632	0.029734	-4.3309	-4.3243	58.945	20.366	45.367	780.09	-0.034885	204.98	0.11664	0.010542	0.29810	3.3546	1.1019	1.8487	123.58	13.496	23.994	176.41	2.7602	7.9204	0.0062879
95.600	2.2456	33.615	0.029748	-4.3264	-4.3197	58.992	20.355	45.381	779.37	-0.034819	204.41	0.11650	0.010518	0.30052	3.3276	1.1025	1.8498	123.53	13.501	24.015	176.47	2.7546	7.9298	0.0062964
95.700	2.2652	33.599	0.029763	-4.3219	-4.3152	59.039	20.344	45.394	778.64	-0.034751	203.84	0.11636	0.010494	0.30294	3.3009	1.1032	1.8509	123.47	13.507	24.036	176.53	2.7490	7.9391	0.0063050
95.800	2.2850	33.583	0.029777	-4.3174	-4.3106	59.086	20.332	45.408	777.91	-0.034684	203.28	0.11621	0.010470	0.30539	3.2745	1.1038	1.8520	123.41	13.512	24.057	176.59	2.7435	7.9485	0.0063136
95.900	2.3049	33.567	0.029792	-4.3129	-4.3060	59.133	20.321	45.422	777.18	-0.034616	202.71	0.11607	0.010446	0.30784	3.2484	1.1044	1.8531	123.36	13.518	24.078	176.65	2.7380	7.9579	0.0063223
96.000	2.3249	33.550	0.029806	-4.3084	-4.3014	59.180	20.309	45.436	776.45	-0.034548	202.15	0.11593	0.010422	0.31032	3.2225	1.1050	1.8542	123.30	13.524	24.099	176.71	2.7325	7.9673	0.0063309
96.100	2.3451	33.534	0.029821	-4.3039	-4.2969	59.227	20.298	45.450	775.72	-0.034479	201.59	0.11578	0.010398	0.31280	3.1969	1.1056	1.8553	123.25	13.529	24.121	176.77	2.7270	7.9767	0.0063395
96.200	2.3653	33.517	0.029835	-4.2993	-4.2923	59.274	20.287	45.464	774.99	-0.034410	201.03	0.11564	0.010375	0.31531	3.1715	1.1062	1.8564	123.19	13.535	24.142	176.82	2.7215	7.9861	0.0063482
96.300	2.3857	33.501	0.029850	-4.2948	-4.2877	59.321	20.276	45.479	774.26	-0.034341	200.48	0.11550	0.010351	0.31782	3.1464	1.1068	1.8574	123.13	13.540	24.164	176.88	2.7161	7.9956	0.0063569
96.400	2.4063	33.485	0.029864	-4.2903	-4.2831	59.368	20.265	45.493	773.53	-0.034272	199.92	0.11536	0.010327	0.32036	3.1215	1.1074	1.8585	123.08	13.546	24.185	176.94	2.7107	8.0050	0.0063656
96.500	2.4270	33.468	0.029879	-4.2858	-4.2785	59.415	20.253	45.508	772.80	-0.034202	199.37	0.11521	0.010303	0.32290	3.0969	1.1080	1.8596	123.02	13.552	24.207	177.00	2.7053	8.0144	0.0063743
96.600	2.4478	33.452	0.029894	-4.2813	-4.2740	59.462	20.242	45.523	772.07	-0.034131	198.82	0.11507	0.010280	0.32547	3.0725	1.1085	1.8606	122.97	13.557	24.229	177.06	2.6999	8.0239	0.0063830
96.700	2.4687	33.435	0.029908	-4.2768	-4.2694	59.509	20.231	45.537	771.34	-0.034061	198.28	0.11493	0.010256	0.32804	3.0484	1.1091	1.8617	122.91	13.563	24.251	177.11	2.6945	8.0333	0.0063917
96.800	2.4898	33.419	0.029923	-4.2722	-4.2648	59.555	20.220	45.552	770.60	-0.033990	197.73	0.11478	0.010232	0.33064	3.0245	1.1097	1.8627	122.86	13.569	24.273	177.17	2.6892	8.0428	0.0064005
96.900	2.5110	33.402	0.029938	-4.2677	-4.2602	59.602	20.209	45.567	769.87	-0.033918	197.19	0.11464	0.010208	0.33324	3.0008	1.1103	1.8638	122.80	13.575	24.296	177.23	2.6838	8.0522	0.0064092
97.000	2.5323	33.386	0.029953	-4.2632	-4.2556	59.649	20.198	45.583	769.14	-0.033847	196.65	0.11450	0.010185	0.33587	2.9774	1.1108	1.8648	122.75	13.580	24.318	177.29	2.6785	8.0617	0.0064180
97.100	2.5538	33.369	0.029968	-4.2587	-4.2510	59.695	20.187	45.598	768.40	-0.033775	196.11	0.11436	0.010161	0.33851	2.9542	1.1114	1.8658	122.69	13.586	24.340	177.34	2.6732	8.0712	0.0064268
97.200	2.5754	33.353	0.029982	-4.2541	-4.2464	59.742	20.176	45.613	767.67	-0.033702	195.57	0.11421	0.010137	0.34116	2.9312	1.1120	1.8669	122.64	13.592	24.363	177.40	2.6679	8.0806	0.0064356
97.300	2.5971	33.336	0.029997	-4.2496	-4.2418	59.789	20.165	45.629	766.93	-0.033629	195.04	0.11407	0.010113	0.34383	2.9084	1.1125	1.8679	122.58	13.598	24.386	177.46	2.6626	8.0901	0.0064444
97.400	2.6190	33.320	0.030012	-4.2451	-4.2372	59.835	20.154	45.644	766.20	-0.033556	194.51	0.11393	0.010090	0.34652	2.8859	1.1131	1.8689	122.53	13.604	24.408	177.51	2.6574	8.0996	0.0064533
97.500	2.6411	33.303	0.030027	-4.2406	-4.2326	59.882	20.143	45.660	765.46	-0.033483	193.97	0.11379	0.010066	0.34922	2.8636	1.1137	1.8699	122.47	13.610	24.431	177.57	2.6521	8.1091	0.0064621
97.600	2.6632	33.287	0.030042	-4.2360	-4.2280	59.928	20.132	45.676	764.73	-0.033409	193.45	0.11365	0.010043	0.35193	2.8414	1.1142	1.8709	122.42	13.615	24.454	177.63	2.6469	8.1186	0.0064710
97.700	2.6855	33.270	0.030057	-4.2315	-4.2234	59.975	20.121	45.692	763.99	-0.033335	192.92	0.11350	0.010019	0.35467	2.8196	1.1148	1.8719	122.36	13.621	24.477	177.68	2.6417	8.1281	0.0064799
97.800	2.7079	33.254	0.030072	-4.2270	-4.2188	60.021	20.110	45.708	763.25	-0.033260	192.39	0.11336	0.0099952	0.35741	2.7979	1.1153	1.8729	122.31	13.627	24.501	177.74	2.6365	8.1376	0.0064888
97.900	2.7305	33.237	0.030087	-4.2224	-4.2142	60.067	20.100	45.724	762.51	-0.033185	191.87	0.11322	0.0099716	0.36018	2.7764	1.1158	1.8739	122.25	13.633	24.524	177.79	2.6313	8.1472	0.0064977
98.000	2.7532	33.220	0.030102	-4.2179	-4.2096	60.114	20.089	45.740	761.78	-0.033110	191.35	0.11308	0.0099480	0.36296	2.7551	1.1164	1.8749	122.20	13.639	24.548	177.85	2.6262	8.1567	0.0065066
98.100	2.7761	33.204	0.030117	-4.2134	-4.2050	60.160	20.078	45.757	761.04	-0.033034	190.83	0.11293	0.0099244	0.36576	2.7341	1.1169	1.8759	122.15	13.645	24.571	177.90	2.6211	8.1662	0.0065156
98.200	2.7991	33.187	0.030132	-4.2088	-4.2004	60.206	20.067	45.773	760.30	-0.032958	190.31	0.11279	0.0099008	0.36857	2.7132	1.1174	1.8769	122.09	13.651	24.595	177.96	2.6159	8.1758	0.0065245
98.300	2.8222	33.171	0.030147	-4.2043	-4.1958	60.253	20.057	45.790	759.56	-0.032881	189.80	0.11265	0.0098773	0.37140	2.6925	1.1180	1.8779	122.04	13.657	24.619	178.01	2.6108	8.1853	0.0065335
98.400	2.8455	33.154	0.030162	-4.1997	-4.1912	60.299	20.046	45.806	758.82	-0.032805	189.29	0.11251	0.0098537	0.37424	2.6721	1.1185	1.8788	121.99	13.663	24.643	178.07	2.6057	8.1949	0.0065425
98.500	2.8689	33.137	0.030178	-4.1952	-4.1865	60.345	20.035	45.823	758.08	-0.032727	188.77	0.11237	0.0098301	0.37710	2.6518	1.1190	1.8798	121.93	13.669	24.667	178.12	2.6007	8.2045	0.0065515
98.600	2.8925	33.120	0.030193	-4.1907	-4.1819	60.391	20.025	45.840	757.34	-0.032650	188.26	0.11222	0.0098066	0.37998	2.6317	1.1195	1.8808	121.88	13.675	24.691	178.17	2.5956	8.2140	0.0065606
98.700	2.9162	33.104	0.030208	-4.1861	-4.1773	60.437	20.014	45.857	756.59	-0.032572	187.76	0.11208	0.0097831	0.38287	2.6118	1.1200	1.8817	121.83	13.682	24.715	178.23	2.5905	8.2236	0.0065696
98.800	2.9400	33.087	0.030223	-4.1816	-4.1727	60.483	20.003	45.874	755.85	-0.032493	187.25	0.11194	0.0097596	0.38578	2.5921	1.1206	1.8826	121.77	13.688	24.740	178.28	2.5855	8.2332	0.0065787
98.900	2.9640	33.070	0.030239	-4.1770	-4.1681	60.529	19.993	45.892	755.11	-0.032415	186.75	0.11180	0.0097361	0.38871	2.5726	1.1211	1.8836	121.72	13.694	24.765	178.34	2.5805	8.2428	0.0065878
99.000	2.9882	33.054	0.030254	-4.1725	-4.1634	60.575	19.982	45.909	754.37	-0.032336	186.24	0.11166	0.0097126	0.39165	2.5533	1.1216	1.8845	121.67	13.700	24.789	178.39	2.5755	8.2524	0.0065969
99.100	3.0125	33.037	0.030269	-4.1679	-4.1588	60.621	19.972	45.927	753.62	-0.032256	185.74	0.11152	0.0096891	0.39461	2.5341	1.1221	1.8855	121.61	13.706	24.814	178.44	2.5705	8.2620	0.0066060
99.200	3.0369	33.020	0.030285	-4.1634	-4.1542	60.667	19.961	45.944	752.88	-0.032176	185.25	0.11137	0.0096656	0.39759	2.5151	1.1226	1.8864	121.56	13.712	24.839	178.49	2.5656	8.2716	0.0066151
99.300	3.0615	33.003	0.030300	-4.1588	-4.1495	60.713	19.951	45.962	752.13	-0.032096	184.75	0.11123	0.0096421	0.40059	2.4963	1.1231	1.8873	121.51	13.719	24.864	178.55	2.5606	8.2813	0.0066242
99.400	3.0862	32.986	0.030316	-4.1543	-4.1449	60.759	19.940	45.980	751.39	-0.032015	184.25	0.11109	0.0096187	0.40360	2.4777	1.1235	1.8882	121.45	13.725	24.889	178.60	2.5557	8.2909	0.0066334
99.500	3.1111	32.970	0.030331	-4.1497	-4.1403	60.805	19.930	45.998	750.64	-0.031934	183.76	0.11095	0.0095953	0.40662	2.4593	1.1240	1.8891	121.40	13.731	24.915	178.65	2.5507	8.3005	0.0066426
99.600	3.1361	32.953	0.030347	-4.1451	-4.1356	60.851	19.920	46.016	749.90	-0.031853	183.27	0.11081	0.0095718	0.40967	2.4410	1.1245	1.8900	121.35	13.737	24.940	178.70	2.5458	8.3102	0.0066518
99.700	3.1613	32.936	0.030362	-4.1406	-4.1310	60.896	19.909	46.034	749.15	-0.031771	182.78	0.11067	0.0095484	0.41273	2.4229	1.1250	1.8909	121.30	13.744	24.966	178.76	2.5409	8.3199	0.0066610
99.800	3.1866	32.919	0.030378	-4.1360	-4.1264	60.942	19.899	46.053	748.40	-0.031689	182.29	0.11052	0.0095250	0.41581	2.4050	1.1255	1.8918	121.24	13.750	24.991	178.81	2.5361	8.3295	0.0066703
99.900	3.2121	32.902	0.030393	-4.1315	-4.1217	60.988	19.889	46.071	747.65	-0.031606	181.81	0.11038	0.0095016	0.41891	2.3872	1.1259	1.8927	121.19	13.756	25.017	178.86	2.5312	8.3392	0.0066795
100.00	3.2377	32.885	0.030409	-4.1269	-4.1171	61.034	19.878	46.090	746.91	-0.031523	181.32	0.11024	0.0094782	0.42202	2.3696	1.1264	1.8936	121.14	13.763	25.043	178.91	2.5263	8.3489	0.0066888
100.10	3.2634	32.868	0.030424	-4.1223	-4.1124	61.079	19.868	46.109	746.16	-0.031440	180.84	0.11010	0.0094549	0.42515	2.3521	1.1269	1.8945	121.09	13.769	25.069	178.96	2.5215	8.3586	0.0066981
100.20	3.2894	32.851	0.030440	-4.1178	-4.1078	61.125	19.858	46.127	745.41	-0.031356	180.36	0.10996	0.0094315	0.42830	2.3348	1.1273	1.8953	121.04	13.776	25.096	179.01	2.5167	8.3683	0.0067074
100.30	3.3154	32.834	0.030456	-4.1132	-4.1031	61.171	19.848	46.146	744.66	-0.031272	179.88	0.10982	0.0094082	0.43146	2.3177	1.1278	1.8962	120.98	13.782	25.122	179.06	2.5119	8.3780	0.0067167
100.40	3.3417	32.817	0.030472	-4.1086	-4.0985	61.216	19.837	46.165	743.91	-0.031187	179.40	0.10968	0.0093848	0.43465	2.3007	1.1282	1.8971	120.93	13.788	25.149	179.11	2.5071	8.3877	0.0067261
100.50	3.3680	32.800	0.030487	-4.1041	-4.0938	61.262	19.827	46.185	743.16	-0.031102	178.93	0.10954	0.0093615	0.43785	2.2839	1.1287	1.8979	120.88	13.795	25.175	179.16	2.5023	8.3974	0.0067354
100.60	3.3946	32.784	0.030503	-4.0995	-4.0891	61.307	19.817	46.204	742.41	-0.031017	178.45	0.10940	0.0093382	0.44106	2.2672	1.1291	1.8988	120.83	13.801	25.202	179.21	2.4976	8.4071	0.0067448
100.70	3.4213	32.766	0.030519	-4.0949	-4.0845	61.353	19.807	46.223	741.65	-0.030931	177.98	0.10925	0.0093149	0.44430	2.2507	1.1296	1.8996	120.78	13.808	25.229	179.26	2.4928	8.4169	0.0067542
100.80	3.4481	32.749	0.030535	-4.0904	-4.0798	61.398	19.797	46.243	740.90	-0.030845	177.51	0.10911	0.0092916	0.44755	2.2344	1.1300	1.9004	120.73	13.814	25.256	179.31	2.4881	8.4266	0.0067636
100.90	3.4751	32.732	0.030551	-4.0858	-4.0752	61.444	19.787	46.263	740.15	-0.030758	177.04	0.10897	0.0092683	0.45083	2.2181	1.1304	1.9013	120.67	13.821	25.283	179.36	2.4833	8.4363	0.0067731
101.00	3.5023	32.715	0.030567	-4.0812	-4.0705	61.489	19.777	46.282	739.40	-0.030671	176.58	0.10883	0.0092451	0.45412	2.2021	1.1309	1.9021	120.62	13.828	25.310	179.41	2.4786	8.4461	0.0067825
101.10	3.5296	32.698	0.030583	-4.0766	-4.0658	61.534	19.767	46.302	738.64	-0.030583	176.11	0.10869	0.0092218	0.45742	2.1862	1.1313	1.9029	120.57	13.834	25.338	179.46	2.4739	8.4559	0.0067920
101.20	3.5570	32.681	0.030599	-4.0720	-4.0612	61.580	19.757	46.322	737.89	-0.030495	175.65	0.10855	0.0091986	0.46075	2.1704	1.1317	1.9037	120.52	13.841	25.366	179.51	2.4693	8.4657	0.0068015
101.30	3.5847	32.664	0.030615	-4.0675	-4.0565	61.625	19.747	46.343	737.13	-0.030407	175.19	0.10841	0.0091754	0.46409	2.1547	1.1321	1.9045	120.47	13.847	25.393	179.56	2.4646	8.4754	0.0068110
101.40	3.6124	32.647	0.030631	-4.0629	-4.0518	61.670	19.737	46.363	736.38	-0.030318	174.73	0.10827	0.0091521	0.46746	2.1392	1.1325	1.9053	120.42	13.854	25.421	179.61	2.4599	8.4852	0.0068206
101.50	3.6404	32.630	0.030647	-4.0583	-4.0471	61.716	19.727	46.383	735.62	-0.030229	174.27	0.10813	0.0091289	0.47084	2.1239	1.1330	1.9061	120.37	13.861	25.449	179.66	2.4553	8.4950	0.0068301
101.60	3.6685	32.613	0.030663	-4.0537	-4.0425	61.761	19.717	46.404	734.86	-0.030140	173.81	0.10799	0.0091057	0.47424	2.1087	1.1334	1.9069	120.32	13.867	25.477	179.70	2.4507	8.5048	0.0068397
101.70	3.6968	32.596	0.030679	-4.0491	-4.0378	61.806	19.707	46.425	734.11	-0.030049	173.35	0.10785	0.0090826	0.47765	2.0936	1.1338	1.9077	120.27	13.874	25.506	179.75	2.4461	8.5147	0.0068493
101.80	3.7252	32.578	0.030695	-4.0445	-4.0331	61.851	19.697	46.445	733.35	-0.029959	172.90	0.10771	0.0090594	0.48109	2.0786	1.1342	1.9085	120.22	13.881	25.534	179.80	2.4415	8.5245	0.0068589
101.90	3.7537	32.561	0.030711	-4.0399	-4.0284	61.896	19.687	46.466	732.59	-0.029868	172.45	0.10757	0.0090362	0.48454	2.0638	1.1346	1.9093	120.17	13.888	25.563	179.85	2.4369	8.5343	0.0068686
102.00	3.7825	32.544	0.030728	-4.0353	-4.0237	61.941	19.677	46.487	731.83	-0.029777	172.00	0.10742	0.0090131	0.48802	2.0491	1.1350	1.9100	120.12	13.894	25.592	179.89	2.4323	8.5442	0.0068782
102.10	3.8114	32.527	0.030744	-4.0307	-4.0190	61.986	19.667	46.509	731.07	-0.029685	171.55	0.10728	0.0089899	0.49151	2.0346	1.1353	1.9108	120.07	13.901	25.620	179.94	2.4277	8.5540	0.0068879
102.20	3.8405	32.510	0.030760	-4.0262	-4.0143	62.032	19.658	46.530	730.31	-0.029593	171.10	0.10714	0.0089668	0.49502	2.0201	1.1357	1.9116	120.01	13.908	25.649	179.99	2.4232	8.5639	0.0068976
102.30	3.8697	32.492	0.030776	-4.0216	-4.0096	62.077	19.648	46.551	729.55	-0.029500	170.65	0.10701	0.0089437	0.49855	2.0058	1.1361	1.9123	119.96	13.915	25.679	180.03	2.4187	8.5738	0.0069073
102.40	3.8991	32.475	0.030793	-4.0170	-4.0049	62.122	19.638	46.573	728.79	-0.029407	170.21	0.10687	0.0089206	0.50210	1.9916	1.1365	1.9130	119.91	13.922	25.708	180.08	2.4141	8.5837	0.0069171
102.50	3.9286	32.458	0.030809	-4.0124	-4.0002	62.167	19.628	46.595	728.03	-0.029314	169.77	0.10673	0.0088975	0.50567	1.9776	1.1369	1.9138	119.86	13.929	25.738	180.13	2.4096	8.5936	0.0069268
102.60	3.9584	32.440	0.030826	-4.0078	-3.9955	62.211	19.619	46.616	727.27	-0.029220	169.33	0.10659	0.0088745	0.50925	1.9637	1.1372	1.9145	119.81	13.936	25.767	180.17	2.4051	8.6035	0.0069366
102.70	3.9882	32.423	0.030842	-4.0031	-3.9908	62.256	19.609	46.638	726.51	-0.029125	168.89	0.10645	0.0088514	0.51286	1.9499	1.1376	1.9152	119.76	13.943	25.797	180.22	2.4007	8.6134	0.0069464
102.80	4.0183	32.406	0.030859	-3.9985	-3.9861	62.301	19.599	46.660	725.74	-0.029031	168.45	0.10631	0.0088283	0.51648	1.9362	1.1380	1.9160	119.71	13.950	25.827	180.27	2.3962	8.6233	0.0069563
102.90	4.0485	32.388	0.030875	-3.9939	-3.9814	62.346	19.590	46.683	724.98	-0.028935	168.01	0.10617	0.0088053	0.52013	1.9226	1.1383	1.9167	119.67	13.957	25.857	180.31	2.3917	8.6332	0.0069661
103.00	4.0789	32.371	0.030892	-3.9893	-3.9767	62.391	19.580	46.705	724.21	-0.028840	167.58	0.10603	0.0087823	0.52379	1.9092	1.1387	1.9174	119.62	13.964	25.887	180.36	2.3873	8.6432	0.0069760
103.10	4.1094	32.354	0.030908	-3.9847	-3.9720	62.436	19.571	46.728	723.45	-0.028743	167.14	0.10589	0.0087593	0.52747	1.8958	1.1390	1.9181	119.57	13.971	25.918	180.40	2.3828	8.6531	0.0069859
103.20	4.1402	32.336	0.030925	-3.9801	-3.9673	62.481	19.561	46.750	722.68	-0.028647	166.71	0.10575	0.0087363	0.53118	1.8826	1.1394	1.9188	119.52	13.978	25.948	180.45	2.3784	8.6631	0.0069958
103.30	4.1710	32.319	0.030942	-3.9755	-3.9626	62.525	19.551	46.773	721.92	-0.028550	166.28	0.10561	0.0087133	0.53490	1.8695	1.1397	1.9195	119.47	13.985	25.979	180.49	2.3740	8.6730	0.0070057
103.40	4.2021	32.301	0.030958	-3.9709	-3.9579	62.570	19.542	46.796	721.15	-0.028452	165.85	0.10547	0.0086903	0.53864	1.8565	1.1400	1.9202	119.42	13.992	26.010	180.54	2.3696	8.6830	0.0070157
103.50	4.2333	32.284	0.030975	-3.9662	-3.9531	62.615	19.532	46.819	720.38	-0.028354	165.42	0.10534	0.0086673	0.54240	1.8436	1.1404	1.9208	119.37	13.999	26.041	180.58	2.3652	8.6930	0.0070257
103.60	4.2647	32.267	0.030992	-3.9616	-3.9484	62.659	19.523	46.842	719.62	-0.028256	165.00	0.10520	0.0086444	0.54619	1.8309	1.1407	1.9215	119.32	14.006	26.072	180.62	2.3609	8.7030	0.0070357
103.70	4.2963	32.249	0.031009	-3.9570	-3.9437	62.704	19.514	46.865	718.85	-0.028157	164.57	0.10506	0.0086214	0.54999	1.8182	1.1410	1.9222	119.27	14.013	26.103	180.67	2.3565	8.7130	0.0070457
103.80	4.3280	32.232	0.031026	-3.9524	-3.9390	62.749	19.504	46.889	718.08	-0.028057	164.15	0.10492	0.0085985	0.55381	1.8057	1.1413	1.9228	119.22	14.020	26.135	180.71	2.3521	8.7230	0.0070558
103.90	4.3599	32.214	0.031042	-3.9478	-3.9342	62.793	19.495	46.912	717.31	-0.027957	163.73	0.10478	0.0085756	0.55765	1.7932	1.1417	1.9235	119.17	14.028	26.167	180.76	2.3478	8.7330	0.0070659
104.00	4.3920	32.196	0.031059	-3.9431	-3.9295	62.838	19.485	46.936	716.54	-0.027857	163.30	0.10464	0.0085527	0.56151	1.7809	1.1420	1.9241	119.12	14.035	26.199	180.80	2.3435	8.7431	0.0070760
104.10	4.4243	32.179	0.031076	-3.9385	-3.9247	62.883	19.476	46.960	715.77	-0.027756	162.89	0.10450	0.0085298	0.56539	1.7687	1.1423	1.9248	119.07	14.042	26.231	180.84	2.3392	8.7531	0.0070861
104.20	4.4567	32.161	0.031093	-3.9339	-3.9200	62.927	19.467	46.984	715.00	-0.027655	162.47	0.10436	0.0085069	0.56930	1.7566	1.1426	1.9254	119.03	14.049	26.263	180.89	2.3349	8.7632	0.0070962
104.30	4.4893	32.144	0.031110	-3.9292	-3.9153	62.972	19.457	47.008	714.23	-0.027553	162.05	0.10423	0.0084840	0.57322	1.7445	1.1429	1.9261	118.98	14.057	26.295	180.93	2.3306	8.7732	0.0071064
104.40	4.5221	32.126	0.031127	-3.9246	-3.9105	63.016	19.448	47.032	713.45	-0.027451	161.64	0.10409	0.0084612	0.57716	1.7326	1.1432	1.9267	118.93	14.064	26.328	180.97	2.3263	8.7833	0.0071166
104.50	4.5550	32.109	0.031144	-3.9200	-3.9058	63.061	19.439	47.057	712.68	-0.027348	161.22	0.10395	0.0084383	0.58113	1.7208	1.1435	1.9273	118.88	14.071	26.360	181.01	2.3220	8.7934	0.0071268
104.60	4.5881	32.091	0.031162	-3.9153	-3.9010	63.105	19.430	47.081	711.91	-0.027245	160.81	0.10381	0.0084155	0.58511	1.7091	1.1438	1.9279	118.83	14.079	26.393	181.06	2.3178	8.8035	0.0071371
104.70	4.6214	32.073	0.031179	-3.9107	-3.8963	63.149	19.420	47.106	711.13	-0.027141	160.40	0.10367	0.0083927	0.58912	1.6975	1.1440	1.9285	118.78	14.086	26.426	181.10	2.3135	8.8136	0.0071473
104.80	4.6549	32.056	0.031196	-3.9060	-3.8915	63.194	19.411	47.131	710.36	-0.027037	159.99	0.10353	0.0083699	0.59314	1.6859	1.1443	1.9291	118.73	14.094	26.459	181.14	2.3093	8.8237	0.0071576
104.90	4.6886	32.038	0.031213	-3.9014	-3.8868	63.238	19.402	47.156	709.58	-0.026932	159.58	0.10340	0.0083471	0.59719	1.6745	1.1446	1.9297	118.69	14.101	26.493	181.18	2.3051	8.8339	0.0071680
105.00	4.7224	32.020	0.031230	-3.8968	-3.8820	63.283	19.393	47.181	708.81	-0.026827	159.18	0.10326	0.0083243	0.60126	1.6632	1.1449	1.9303	118.64	14.108	26.526	181.22	2.3009	8.8440	0.0071783
105.10	4.7564	32.002	0.031248	-3.8921	-3.8772	63.327	19.384	47.206	708.03	-0.026721	158.77	0.10312	0.0083015	0.60535	1.6519	1.1451	1.9309	118.59	14.116	26.560	181.26	2.2967	8.8542	0.0071887
105.20	4.7906	31.985	0.031265	-3.8875	-3.8725	63.371	19.374	47.232	707.25	-0.026615	158.37	0.10298	0.0082788	0.60946	1.6408	1.1454	1.9314	118.54	14.123	26.594	181.30	2.2925	8.8643	0.0071991
105.30	4.8249	31.967	0.031282	-3.8828	-3.8677	63.415	19.365	47.257	706.48	-0.026508	157.97	0.10284	0.0082560	0.61359	1.6298	1.1457	1.9320	118.49	14.131	26.628	181.34	2.2883	8.8745	0.0072095
105.40	4.8595	31.949	0.031300	-3.8781	-3.8629	63.460	19.356	47.283	705.70	-0.026401	157.56	0.10270	0.0082333	0.61774	1.6188	1.1459	1.9326	118.45	14.139	26.662	181.39	2.2841	8.8847	0.0072199
105.50	4.8942	31.931	0.031317	-3.8735	-3.8582	63.504	19.347	47.309	704.92	-0.026293	157.16	0.10257	0.0082106	0.62191	1.6079	1.1462	1.9331	118.40	14.146	26.697	181.43	2.2800	8.8949	0.0072304
105.60	4.9291	31.913	0.031335	-3.8688	-3.8534	63.548	19.338	47.335	704.14	-0.026185	156.77	0.10243	0.0081879	0.62611	1.5972	1.1464	1.9337	118.35	14.154	26.731	181.47	2.2758	8.9051	0.0072409
105.70	4.9642	31.896	0.031352	-3.8642	-3.8486	63.592	19.329	47.361	703.36	-0.026076	156.37	0.10229	0.0081652	0.63033	1.5865	1.1466	1.9342	118.30	14.161	26.766	181.51	2.2717	8.9153	0.0072514
105.80	4.9995	31.878	0.031370	-3.8595	-3.8438	63.636	19.320	47.387	702.58	-0.025967	155.97	0.10215	0.0081425	0.63456	1.5759	1.1469	1.9347	118.25	14.169	26.801	181.55	2.2676	8.9255	0.0072620
105.90	5.0349	31.860	0.031387	-3.8549	-3.8390	63.681	19.311	47.414	701.80	-0.025857	155.58	0.10202	0.0081198	0.63882	1.5654	1.1471	1.9353	118.21	14.177	26.836	181.59	2.2635	8.9358	0.0072726
106.00	5.0706	31.842	0.031405	-3.8502	-3.8343	63.725	19.302	47.440	701.02	-0.025747	155.19	0.10188	0.0080972	0.64311	1.5550	1.1473	1.9358	118.16	14.184	26.872	181.62	2.2594	8.9460	0.0072832
106.10	5.1064	31.824	0.031423	-3.8455	-3.8295	63.769	19.293	47.467	700.23	-0.025636	154.79	0.10174	0.0080745	0.64741	1.5446	1.1476	1.9363	118.11	14.192	26.907	181.66	2.2553	8.9563	0.0072938
106.20	5.1424	31.806	0.031441	-3.8408	-3.8247	63.813	19.284	47.494	699.45	-0.025525	154.40	0.10160	0.0080519	0.65173	1.5344	1.1478	1.9368	118.06	14.200	26.943	181.70	2.2512	8.9665	0.0073045
106.30	5.1786	31.788	0.031458	-3.8362	-3.8199	63.857	19.276	47.521	698.67	-0.025413	154.01	0.10146	0.0080293	0.65608	1.5242	1.1480	1.9373	118.02	14.208	26.979	181.74	2.2471	8.9768	0.0073152
106.40	5.2150	31.770	0.031476	-3.8315	-3.8151	63.901	19.267	47.548	697.88	-0.025300	153.63	0.10133	0.0080067	0.66045	1.5141	1.1482	1.9378	117.97	14.215	27.015	181.78	2.2431	8.9871	0.0073259
106.50	5.2515	31.752	0.031494	-3.8268	-3.8103	63.945	19.258	47.576	697.10	-0.025187	153.24	0.10119	0.0079841	0.66484	1.5041	1.1484	1.9383	117.92	14.223	27.051	181.82	2.2390	8.9974	0.0073366
106.60	5.2883	31.734	0.031512	-3.8222	-3.8055	63.989	19.249	47.603	696.31	-0.025074	152.85	0.10105	0.0079615	0.66926	1.4942	1.1486	1.9388	117.88	14.231	27.088	181.86	2.2350	9.0078	0.0073474
106.70	5.3252	31.716	0.031530	-3.8175	-3.8007	64.033	19.240	47.631	695.52	-0.024960	152.47	0.10091	0.0079389	0.67370	1.4844	1.1488	1.9393	117.83	14.239	27.124	181.89	2.2310	9.0181	0.0073582
106.80	5.3623	31.698	0.031548	-3.8128	-3.7959	64.077	19.232	47.659	694.74	-0.024845	152.09	0.10078	0.0079164	0.67815	1.4746	1.1490	1.9397	117.78	14.247	27.161	181.93	2.2269	9.0284	0.0073690
106.90	5.3996	31.680	0.031566	-3.8081	-3.7911	64.121	19.223	47.687	693.95	-0.024730	151.70	0.10064	0.0078938	0.68264	1.4649	1.1492	1.9402	117.73	14.255	27.198	181.97	2.2229	9.0388	0.0073799
107.00	5.4371	31.662	0.031584	-3.8034	-3.7862	64.165	19.214	47.715	693.16	-0.024614	151.32	0.10050	0.0078713	0.68714	1.4553	1.1494	1.9406	117.69	14.263	27.235	182.01	2.2189	9.0492	0.0073908
107.10	5.4748	31.644	0.031602	-3.7987	-3.7814	64.209	19.205	47.743	692.37	-0.024498	150.94	0.10037	0.0078488	0.69167	1.4458	1.1495	1.9411	117.64	14.271	27.273	182.04	2.2149	9.0595	0.0074017
107.20	5.5127	31.626	0.031620	-3.7940	-3.7766	64.252	19.197	47.772	691.58	-0.024381	150.57	0.10023	0.0078263	0.69622	1.4363	1.1497	1.9415	117.59	14.279	27.311	182.08	2.2110	9.0699	0.0074126
107.30	5.5508	31.608	0.031638	-3.7893	-3.7718	64.296	19.188	47.800	690.79	-0.024264	150.19	0.10009	0.0078038	0.70079	1.4270	1.1499	1.9420	117.55	14.287	27.348	182.12	2.2070	9.0803	0.0074236
107.40	5.5890	31.589	0.031656	-3.7847	-3.7670	64.340	19.179	47.829	690.00	-0.024146	149.81	0.099954	0.0077813	0.70539	1.4177	1.1501	1.9424	117.50	14.295	27.387	182.15	2.2030	9.0908	0.0074346
107.50	5.6275	31.571	0.031674	-3.7800	-3.7621	64.384	19.171	47.858	689.21	-0.024028	149.44	0.099817	0.0077589	0.71001	1.4084	1.1502	1.9428	117.45	14.303	27.425	182.19	2.1991	9.1012	0.0074456
107.60	5.6661	31.553	0.031693	-3.7753	-3.7573	64.428	19.162	47.887	688.42	-0.023909	149.07	0.099680	0.0077364	0.71465	1.3993	1.1504	1.9432	117.41	14.311	27.463	182.23	2.1951	9.1116	0.0074567
107.70	5.7050	31.535	0.031711	-3.7706	-3.7525	64.472	19.154	47.917	687.63	-0.023789	148.69	0.099543	0.0077140	0.71931	1.3902	1.1505	1.9436	117.36	14.319	27.502	182.26	2.1912	9.1221	0.0074678
107.80	5.7440	31.516	0.031729	-3.7659	-3.7476	64.515	19.145	47.946	686.83	-0.023669	148.32	0.099407	0.0076916	0.72400	1.3812	1.1507	1.9440	117.31	14.327	27.541	182.30	2.1873	9.1326	0.0074789
107.90	5.7832	31.498	0.031748	-3.7611	-3.7428	64.559	19.136	47.976	686.04	-0.023548	147.95	0.099270	0.0076691	0.72871	1.3723	1.1508	1.9444	117.27	14.335	27.580	182.33	2.1834	9.1431	0.0074901
108.00	5.8226	31.480	0.031766	-3.7564	-3.7379	64.603	19.128	48.006	685.24	-0.023427	147.58	0.099133	0.0076467	0.73345	1.3634	1.1509	1.9448	117.22	14.344	27.619	182.37	2.1795	9.1535	0.0075013
108.10	5.8622	31.462	0.031785	-3.7517	-3.7331	64.646	19.119	48.036	684.45	-0.023305	147.22	0.098996	0.0076244	0.73821	1.3546	1.1511	1.9452	117.17	14.352	27.659	182.40	2.1756	9.1641	0.0075125
108.20	5.9020	31.443	0.031803	-3.7470	-3.7282	64.690	19.111	48.066	683.65	-0.023183	146.85	0.098860	0.0076020	0.74299	1.3459	1.1512	1.9456	117.13	14.360	27.699	182.44	2.1717	9.1746	0.0075237
108.30	5.9420	31.425	0.031822	-3.7423	-3.7234	64.734	19.103	48.096	682.85	-0.023060	146.49	0.098723	0.0075796	0.74780	1.3373	1.1513	1.9459	117.08	14.368	27.738	182.47	2.1678	9.1851	0.0075350
108.40	5.9822	31.407	0.031841	-3.7376	-3.7185	64.777	19.094	48.127	682.06	-0.022936	146.12	0.098587	0.0075573	0.75263	1.3287	1.1514	1.9463	117.04	14.377	27.779	182.51	2.1640	9.1957	0.0075463
108.50	6.0226	31.388	0.031859	-3.7329	-3.7137	64.821	19.086	48.157	681.26	-0.022812	145.76	0.098450	0.0075349	0.75749	1.3202	1.1516	1.9466	116.99	14.385	27.819	182.54	2.1601	9.2062	0.0075577
108.60	6.0632	31.370	0.031878	-3.7281	-3.7088	64.865	19.077	48.188	680.46	-0.022687	145.40	0.098314	0.0075126	0.76237	1.3117	1.1517	1.9470	116.94	14.393	27.860	182.58	2.1563	9.2168	0.0075690
108.70	6.1040	31.351	0.031897	-3.7234	-3.7040	64.908	19.069	48.219	679.66	-0.022561	145.04	0.098177	0.0074903	0.76727	1.3033	1.1518	1.9473	116.90	14.402	27.900	182.61	2.1524	9.2274	0.0075805
108.80	6.1450	31.333	0.031915	-3.7187	-3.6991	64.952	19.061	48.250	678.86	-0.022435	144.68	0.098041	0.0074680	0.77220	1.2950	1.1519	1.9477	116.85	14.410	27.942	182.64	2.1486	9.2380	0.0075919
108.90	6.1862	31.314	0.031934	-3.7140	-3.6942	64.995	19.052	48.282	678.06	-0.022309	144.32	0.097905	0.0074458	0.77715	1.2868	1.1520	1.9480	116.81	14.419	27.983	182.68	2.1448	9.2486	0.0076034
109.00	6.2276	31.296	0.031953	-3.7092	-3.6893	65.039	19.044	48.313	677.26	-0.022181	143.96	0.097768	0.0074235	0.78213	1.2786	1.1521	1.9483	116.76	14.427	28.024	182.71	2.1410	9.2592	0.0076149
109.10	6.2692	31.277	0.031972	-3.7045	-3.6845	65.082	19.036	48.345	676.45	-0.022054	143.61	0.097632	0.0074012	0.78713	1.2704	1.1521	1.9486	116.71	14.436	28.066	182.74	2.1372	9.2699	0.0076264
109.20	6.3110	31.259	0.031991	-3.6998	-3.6796	65.126	19.028	48.377	675.65	-0.021925	143.25	0.097496	0.0073790	0.79215	1.2624	1.1522	1.9489	116.67	14.444	28.108	182.78	2.1334	9.2805	0.0076380
109.30	6.3530	31.240	0.032010	-3.6950	-3.6747	65.169	19.019	48.409	674.85	-0.021796	142.90	0.097360	0.0073568	0.79720	1.2544	1.1523	1.9492	116.62	14.453	28.150	182.81	2.1296	9.2912	0.0076496
109.40	6.3952	31.222	0.032029	-3.6903	-3.6698	65.213	19.011	48.441	674.04	-0.021666	142.54	0.097224	0.0073346	0.80228	1.2464	1.1524	1.9495	116.58	14.461	28.193	182.84	2.1258	9.3019	0.0076612
109.50	6.4376	31.203	0.032048	-3.6856	-3.6649	65.256	19.003	48.474	673.24	-0.021536	142.19	0.097088	0.0073124	0.80738	1.2386	1.1524	1.9498	116.53	14.470	28.235	182.87	2.1221	9.3126	0.0076729
109.60	6.4802	31.184	0.032067	-3.6808	-3.6600	65.300	18.995	48.507	672.43	-0.021405	141.84	0.096952	0.0072902	0.81251	1.2308	1.1525	1.9500	116.49	14.479	28.278	182.91	2.1183	9.3233	0.0076846
109.70	6.5230	31.166	0.032086	-3.6761	-3.6551	65.343	18.987	48.539	671.63	-0.021273	141.49	0.096816	0.0072680	0.81766	1.2230	1.1525	1.9503	116.44	14.487	28.321	182.94	2.1146	9.3340	0.0076964
109.80	6.5660	31.147	0.032106	-3.6713	-3.6502	65.386	18.979	48.572	670.82	-0.021141	141.14	0.096680	0.0072458	0.82283	1.2153	1.1526	1.9506	116.40	14.496	28.365	182.97	2.1108	9.3448	0.0077082
109.90	6.6092	31.128	0.032125	-3.6666	-3.6453	65.430	18.971	48.606	670.01	-0.021008	140.80	0.096545	0.0072237	0.82804	1.2077	1.1526	1.9508	116.35	14.505	28.408	183.00	2.1071	9.3555	0.0077200
110.00	6.6526	31.110	0.032144	-3.6618	-3.6404	65.473	18.963	48.639	669.20	-0.020875	140.45	0.096409	0.0072016	0.83326	1.2001	1.1527	1.9511	116.30	14.513	28.452	183.03	2.1034	9.3663	0.0077318
110.10	6.6962	31.091	0.032164	-3.6571	-3.6355	65.516	18.954	48.673	668.39	-0.020740	140.10	0.096273	0.0071794	0.83852	1.1926	1.1527	1.9513	116.26	14.522	28.496	183.06	2.0997	9.3771	0.0077437
110.20	6.7401	31.072	0.032183	-3.6523	-3.6306	65.560	18.946	48.707	667.58	-0.020605	139.76	0.096138	0.0071573	0.84379	1.1851	1.1528	1.9515	116.21	14.531	28.541	183.09	2.0960	9.3879	0.0077557
110.30	6.7841	31.053	0.032203	-3.6475	-3.6257	65.603	18.938	48.741	666.77	-0.020470	139.42	0.096002	0.0071352	0.84910	1.1777	1.1528	1.9518	116.17	14.540	28.585	183.12	2.0923	9.3987	0.0077676
110.40	6.8284	31.035	0.032222	-3.6428	-3.6208	65.646	18.930	48.775	665.96	-0.020334	139.07	0.095867	0.0071132	0.85443	1.1704	1.1528	1.9520	116.12	14.549	28.630	183.15	2.0886	9.4096	0.0077796
110.50	6.8728	31.016	0.032242	-3.6380	-3.6158	65.690	18.923	48.809	665.15	-0.020197	138.73	0.095731	0.0070911	0.85979	1.1631	1.1528	1.9522	116.08	14.558	28.675	183.19	2.0849	9.4204	0.0077916
110.60	6.9175	30.997	0.032261	-3.6332	-3.6109	65.733	18.915	48.844	664.33	-0.020059	138.39	0.095596	0.0070691	0.86517	1.1558	1.1528	1.9524	116.03	14.566	28.721	183.21	2.0813	9.4313	0.0078037
110.70	6.9623	30.978	0.032281	-3.6285	-3.6060	65.776	18.907	48.879	663.52	-0.019921	138.05	0.095460	0.0070470	0.87058	1.1487	1.1528	1.9526	115.99	14.575	28.766	183.24	2.0776	9.4422	0.0078158
110.80	7.0074	30.959	0.032301	-3.6237	-3.6011	65.819	18.899	48.913	662.71	-0.019782	137.72	0.095325	0.0070250	0.87601	1.1415	1.1528	1.9528	115.94	14.584	28.812	183.27	2.0739	9.4531	0.0078280
110.90	7.0527	30.940	0.032320	-3.6189	-3.5961	65.863	18.891	48.949	661.89	-0.019643	137.38	0.095190	0.0070030	0.88147	1.1345	1.1528	1.9529	115.90	14.593	28.858	183.30	2.0703	9.4640	0.0078402
111.00	7.0982	30.921	0.032340	-3.6141	-3.5912	65.906	18.883	48.984	661.08	-0.019503	137.04	0.095055	0.0069810	0.88696	1.1274	1.1528	1.9531	115.85	14.602	28.904	183.33	2.0667	9.4749	0.0078524
111.10	7.1439	30.902	0.032360	-3.6093	-3.5862	65.949	18.875	49.020	660.26	-0.019362	136.71	0.094920	0.0069590	0.89248	1.1205	1.1528	1.9533	115.81	14.611	28.951	183.36	2.0630	9.4858	0.0078647
111.20	7.1899	30.883	0.032380	-3.6046	-3.5813	65.992	18.868	49.056	659.44	-0.019220	136.37	0.094785	0.0069370	0.89802	1.1136	1.1528	1.9534	115.76	14.621	28.998	183.39	2.0594	9.4968	0.0078770
111.30	7.2360	30.864	0.032400	-3.5998	-3.5763	66.035	18.860	49.092	658.62	-0.019078	136.04	0.094650	0.0069151	0.90359	1.1067	1.1528	1.9536	115.72	14.630	29.045	183.42	2.0558	9.5078	0.0078893
111.40	7.2824	30.845	0.032420	-3.5950	-3.5714	66.078	18.852	49.128	657.80	-0.018935	135.71	0.094515	0.0068932	0.90918	1.0999	1.1527	1.9537	115.68	14.639	29.093	183.45	2.0522	9.5188	0.0079017
111.50	7.3289	30.826	0.032440	-3.5902	-3.5664	66.122	18.844	49.164	656.98	-0.018791	135.38	0.094380	0.0068712	0.91481	1.0931	1.1527	1.9538	115.63	14.648	29.140	183.48	2.0486	9.5298	0.0079141
111.60	7.3757	30.807	0.032460	-3.5854	-3.5615	66.165	18.837	49.201	656.16	-0.018647	135.05	0.094245	0.0068493	0.92046	1.0864	1.1526	1.9540	115.59	14.657	29.188	183.50	2.0450	9.5408	0.0079266
111.70	7.4227	30.788	0.032480	-3.5806	-3.5565	66.208	18.829	49.238	655.34	-0.018502	134.72	0.094110	0.0068274	0.92613	1.0798	1.1526	1.9541	115.54	14.666	29.237	183.53	2.0414	9.5518	0.0079391
111.80	7.4699	30.769	0.032500	-3.5758	-3.5515	66.251	18.821	49.275	654.52	-0.018356	134.39	0.093976	0.0068055	0.93184	1.0731	1.1526	1.9542	115.50	14.676	29.285	183.56	2.0378	9.5629	0.0079516
111.90	7.5174	30.750	0.032520	-3.5710	-3.5466	66.294	18.814	49.312	653.70	-0.018209	134.06	0.093841	0.0067837	0.93757	1.0666	1.1525	1.9543	115.45	14.685	29.334	183.59	2.0343	9.5740	0.0079642
112.00	7.5650	30.731	0.032541	-3.5662	-3.5416	66.337	18.806	49.350	652.87	-0.018062	133.73	0.093706	0.0067618	0.94333	1.0601	1.1524	1.9544	115.41	14.694	29.383	183.61	2.0307	9.5851	0.0079768
112.10	7.6129	30.711	0.032561	-3.5614	-3.5366	66.380	18.799	49.387	652.05	-0.017914	133.41	0.093572	0.0067400	0.94912	1.0536	1.1524	1.9545	115.36	14.704	29.432	183.64	2.0272	9.5962	0.0079895
112.20	7.6610	30.692	0.032582	-3.5566	-3.5316	66.423	18.791	49.425	651.22	-0.017765	133.08	0.093437	0.0067181	0.95494	1.0472	1.1523	1.9545	115.32	14.713	29.482	183.67	2.0236	9.6073	0.0080022
112.30	7.7093	30.673	0.032602	-3.5518	-3.5266	66.466	18.783	49.463	650.40	-0.017616	132.76	0.093303	0.0066963	0.96078	1.0408	1.1522	1.9546	115.27	14.723	29.532	183.69	2.0201	9.6184	0.0080149
112.40	7.7578	30.654	0.032622	-3.5469	-3.5216	66.509	18.776	49.502	649.57	-0.017466	132.44	0.093168	0.0066745	0.96665	1.0345	1.1521	1.9547	115.23	14.732	29.582	183.72	2.0165	9.6296	0.0080277
112.50	7.8065	30.634	0.032643	-3.5421	-3.5166	66.552	18.768	49.541	648.74	-0.017315	132.12	0.093034	0.0066528	0.97255	1.0282	1.1520	1.9547	115.19	14.741	29.633	183.74	2.0130	9.6408	0.0080406
112.60	7.8555	30.615	0.032664	-3.5373	-3.5116	66.595	18.761	49.579	647.92	-0.017163	131.79	0.092900	0.0066310	0.97848	1.0220	1.1519	1.9548	115.14	14.751	29.684	183.77	2.0095	9.6520	0.0080534
112.70	7.9047	30.596	0.032684	-3.5325	-3.5066	66.638	18.754	49.618	647.09	-0.017011	131.47	0.092766	0.0066092	0.98444	1.0158	1.1518	1.9548	115.10	14.761	29.735	183.80	2.0060	9.6632	0.0080664
112.80	7.9541	30.576	0.032705	-3.5277	-3.5016	66.681	18.746	49.658	646.26	-0.016857	131.16	0.092631	0.0065875	0.99043	1.0097	1.1517	1.9548	115.05	14.770	29.786	183.82	2.0025	9.6744	0.0080793
112.90	8.0037	30.557	0.032726	-3.5228	-3.4966	66.724	18.739	49.697	645.43	-0.016703	130.84	0.092497	0.0065658	0.99644	1.0036	1.1516	1.9549	115.01	14.780	29.838	183.85	1.9990	9.6857	0.0080923
113.00	8.0535	30.538	0.032747	-3.5180	-3.4916	66.767	18.731	49.737	644.60	-0.016549	130.52	0.092363	0.0065440	1.0025	0.99752	1.1515	1.9549	114.97	14.789	29.890	183.87	1.9955	9.6969	0.0081054
113.10	8.1036	30.518	0.032767	-3.5132	-3.4866	66.810	18.724	49.777	643.76	-0.016393	130.20	0.092229	0.0065223	1.0086	0.99152	1.1514	1.9549	114.92	14.799	29.942	183.90	1.9920	9.7082	0.0081185
113.20	8.1539	30.499	0.032788	-3.5083	-3.4816	66.853	18.717	49.817	642.93	-0.016237	129.89	0.092095	0.0065007	1.0147	0.98555	1.1513	1.9549	114.88	14.809	29.995	183.92	1.9886	9.7195	0.0081316
113.30	8.2044	30.479	0.032809	-3.5035	-3.4766	66.896	18.709	49.858	642.10	-0.016080	129.57	0.091961	0.0064790	1.0208	0.97963	1.1511	1.9549	114.83	14.818	30.048	183.95	1.9851	9.7308	0.0081448
113.40	8.2552	30.460	0.032830	-3.4986	-3.4715	66.939	18.702	49.899	641.26	-0.015922	129.26	0.091828	0.0064573	1.0270	0.97376	1.1510	1.9548	114.79	14.828	30.101	183.97	1.9817	9.7422	0.0081581
113.50	8.3061	30.440	0.032851	-3.4938	-3.4665	66.981	18.695	49.939	640.43	-0.015763	128.95	0.091694	0.0064357	1.0331	0.96792	1.1508	1.9548	114.75	14.838	30.155	183.99	1.9782	9.7535	0.0081714
113.60	8.3573	30.421	0.032873	-3.4889	-3.4615	67.024	18.688	49.981	639.59	-0.015604	128.63	0.091560	0.0064141	1.0394	0.96213	1.1507	1.9548	114.70	14.848	30.209	184.02	1.9748	9.7649	0.0081847
113.70	8.4087	30.401	0.032894	-3.4841	-3.4564	67.067	18.681	50.022	638.75	-0.015443	128.32	0.091427	0.0063925	1.0456	0.95638	1.1505	1.9547	114.66	14.858	30.263	184.04	1.9713	9.7763	0.0081981
113.80	8.4604	30.381	0.032915	-3.4792	-3.4514	67.110	18.673	50.064	637.91	-0.015282	128.01	0.091293	0.0063709	1.0519	0.95067	1.1504	1.9547	114.61	14.868	30.317	184.06	1.9679	9.7877	0.0082115
113.90	8.5123	30.362	0.032936	-3.4744	-3.4463	67.153	18.666	50.106	637.08	-0.015120	127.70	0.091159	0.0063493	1.0582	0.94500	1.1502	1.9546	114.57	14.878	30.372	184.09	1.9645	9.7992	0.0082250
114.00	8.5644	30.342	0.032958	-3.4695	-3.4413	67.196	18.659	50.148	636.24	-0.014957	127.39	0.091026	0.0063277	1.0645	0.93937	1.1500	1.9546	114.53	14.888	30.427	184.11	1.9610	9.8106	0.0082385
114.10	8.6167	30.322	0.032979	-3.4646	-3.4362	67.238	18.652	50.190	635.40	-0.014794	127.09	0.090893	0.0063062	1.0709	0.93379	1.1499	1.9545	114.48	14.898	30.483	184.13	1.9576	9.8221	0.0082520
114.20	8.6693	30.303	0.033001	-3.4598	-3.4312	67.281	18.645	50.233	634.55	-0.014630	126.78	0.090759	0.0062846	1.0773	0.92824	1.1497	1.9544	114.44	14.908	30.539	184.15	1.9542	9.8336	0.0082657
114.30	8.7221	30.283	0.033022	-3.4549	-3.4261	67.324	18.638	50.276	633.71	-0.014464	126.47	0.090626	0.0062631	1.0837	0.92273	1.1495	1.9543	114.40	14.918	30.595	184.18	1.9508	9.8451	0.0082793
114.40	8.7751	30.263	0.033044	-3.4500	-3.4210	67.367	18.631	50.319	632.87	-0.014298	126.17	0.090493	0.0062416	1.0902	0.91726	1.1493	1.9542	114.35	14.928	30.652	184.20	1.9474	9.8566	0.0082930
114.50	8.8283	30.243	0.033065	-3.4451	-3.4160	67.410	18.624	50.363	632.03	-0.014131	125.86	0.090360	0.0062201	1.0967	0.91183	1.1491	1.9541	114.31	14.938	30.708	184.22	1.9441	9.8682	0.0083068
114.60	8.8818	30.223	0.033087	-3.4403	-3.4109	67.452	18.617	50.407	631.18	-0.013964	125.56	0.090226	0.0061986	1.1032	0.90644	1.1489	1.9540	114.27	14.948	30.766	184.24	1.9407	9.8797	0.0083206
114.70	8.9355	30.203	0.033109	-3.4354	-3.4058	67.495	18.610	50.451	630.34	-0.013795	125.26	0.090093	0.0061772	1.1098	0.90109	1.1487	1.9538	114.22	14.958	30.823	184.26	1.9373	9.8913	0.0083345
114.80	8.9895	30.184	0.033131	-3.4305	-3.4007	67.538	18.603	50.495	629.49	-0.013625	124.95	0.089960	0.0061557	1.1164	0.89577	1.1484	1.9537	114.18	14.969	30.881	184.28	1.9340	9.9030	0.0083484
114.90	9.0437	30.164	0.033152	-3.4256	-3.3956	67.581	18.596	50.539	628.64	-0.013455	124.65	0.089827	0.0061343	1.1230	0.89049	1.1482	1.9536	114.14	14.979	30.939	184.31	1.9306	9.9146	0.0083624
115.00	9.0981	30.144	0.033174	-3.4207	-3.3905	67.623	18.589	50.584	627.79	-0.013284	124.35	0.089695	0.0061129	1.1296	0.88525	1.1480	1.9534	114.09	14.989	30.998	184.33	1.9272	9.9262	0.0083764
115.10	9.1528	30.124	0.033196	-3.4158	-3.3854	67.666	18.582	50.629	626.94	-0.013112	124.05	0.089562	0.0060915	1.1363	0.88005	1.1477	1.9532	114.05	14.999	31.057	184.35	1.9239	9.9379	0.0083905
115.20	9.2076	30.104	0.033218	-3.4109	-3.3803	67.709	18.576	50.675	626.09	-0.012939	123.75	0.089429	0.0060701	1.1430	0.87488	1.1475	1.9531	114.01	15.010	31.116	184.37	1.9206	9.9496	0.0084046
115.30	9.2628	30.084	0.033241	-3.4060	-3.3752	67.752	18.569	50.720	625.24	-0.012765	123.46	0.089296	0.0060487	1.1498	0.86975	1.1473	1.9529	113.96	15.020	31.176	184.39	1.9172	9.9613	0.0084188
115.40	9.3181	30.064	0.033263	-3.4011	-3.3701	67.794	18.562	50.766	624.39	-0.012590	123.16	0.089164	0.0060273	1.1565	0.86465	1.1470	1.9527	113.92	15.031	31.236	184.41	1.9139	9.9731	0.0084330
115.50	9.3737	30.044	0.033285	-3.3962	-3.3650	67.837	18.555	50.813	623.54	-0.012414	122.86	0.089031	0.0060060	1.1633	0.85959	1.1467	1.9525	113.88	15.041	31.297	184.43	1.9106	9.9848	0.0084473
115.60	9.4296	30.023	0.033307	-3.3913	-3.3599	67.880	18.549	50.859	622.69	-0.012238	122.57	0.088898	0.0059847	1.1702	0.85457	1.1465	1.9523	113.83	15.052	31.358	184.45	1.9073	9.9966	0.0084617
115.70	9.4856	30.003	0.033330	-3.3864	-3.3548	67.922	18.542	50.906	621.83	-0.012060	122.27	0.088766	0.0059634	1.1771	0.84958	1.1462	1.9521	113.79	15.062	31.419	184.47	1.9040	10.008	0.0084761
115.80	9.5419	29.983	0.033352	-3.3815	-3.3496	67.965	18.535	50.953	620.98	-0.011882	121.98	0.088634	0.0059421	1.1840	0.84462	1.1459	1.9519	113.75	15.073	31.480	184.48	1.9007	10.020	0.0084905
115.90	9.5985	29.963	0.033375	-3.3765	-3.3445	68.008	18.529	51.000	620.12	-0.011703	121.68	0.088501	0.0059208	1.1909	0.83970	1.1456	1.9516	113.70	15.083	31.542	184.50	1.8974	10.032	0.0085050
116.00	9.6553	29.943	0.033397	-3.3716	-3.3394	68.050	18.522	51.048	619.26	-0.011522	121.39	0.088369	0.0058995	1.1979	0.83482	1.1453	1.9514	113.66	15.094	31.605	184.52	1.8941	10.044	0.0085196
116.10	9.7123	29.922	0.033420	-3.3667	-3.3342	68.093	18.516	51.096	618.41	-0.011341	121.10	0.088237	0.0058783	1.2049	0.82996	1.1450	1.9511	113.62	15.105	31.667	184.54	1.8908	10.056	0.0085342
116.20	9.7696	29.902	0.033442	-3.3618	-3.3291	68.136	18.509	51.144	617.55	-0.011159	120.81	0.088105	0.0058570	1.2119	0.82514	1.1447	1.9509	113.57	15.116	31.731	184.56	1.8875	10.068	0.0085489
116.30	9.8271	29.882	0.033465	-3.3568	-3.3239	68.178	18.502	51.193	616.69	-0.010976	120.52	0.087972	0.0058358	1.2190	0.82036	1.1444	1.9506	113.53	15.126	31.794	184.58	1.8842	10.080	0.0085636
116.40	9.8849	29.862	0.033488	-3.3519	-3.3188	68.221	18.496	51.241	615.83	-0.010792	120.23	0.087840	0.0058146	1.2261	0.81560	1.1441	1.9503	113.49	15.137	31.858	184.59	1.8810	10.092	0.0085784
116.50	9.9429	29.841	0.033511	-3.3469	-3.3136	68.264	18.489	51.291	614.96	-0.010607	119.94	0.087708	0.0057934	1.2332	0.81088	1.1438	1.9500	113.45	15.148	31.923	184.61	1.8777	10.104	0.0085933
116.60	10.001	29.821	0.033534	-3.3420	-3.3085	68.306	18.483	51.340	614.10	-0.010421	119.65	0.087576	0.0057722	1.2404	0.80619	1.1435	1.9497	113.40	15.159	31.987	184.63	1.8744	10.116	0.0086082
116.70	10.060	29.800	0.033557	-3.3370	-3.3033	68.349	18.477	51.390	613.24	-0.010234	119.36	0.087445	0.0057511	1.2476	0.80154	1.1431	1.9494	113.36	15.170	32.052	184.65	1.8712	10.128	0.0086232
116.80	10.118	29.780	0.033580	-3.3321	-3.2981	68.391	18.470	51.440	612.37	-0.010046	119.07	0.087313	0.0057299	1.2548	0.79691	1.1428	1.9491	113.32	15.181	32.118	184.66	1.8679	10.140	0.0086382
116.90	10.177	29.759	0.033603	-3.3271	-3.2929	68.434	18.464	51.490	611.51	-0.0098567	118.79	0.087181	0.0057088	1.2621	0.79232	1.1424	1.9488	113.27	15.192	32.184	184.68	1.8647	10.152	0.0086533
117.00	10.237	29.739	0.033626	-3.3222	-3.2878	68.477	18.458	51.541	610.64	-0.0096667	118.50	0.087049	0.0056877	1.2694	0.78776	1.1421	1.9485	113.23	15.203	32.251	184.70	1.8615	10.164	0.0086685
117.10	10.296	29.718	0.033649	-3.3172	-3.2826	68.519	18.451	51.592	609.77	-0.0094757	118.22	0.086918	0.0056666	1.2768	0.78323	1.1417	1.9481	113.19	15.214	32.317	184.71	1.8582	10.176	0.0086837
117.20	10.356	29.698	0.033673	-3.3123	-3.2774	68.562	18.445	51.643	608.91	-0.0092838	117.93	0.086786	0.0056455	1.2842	0.77873	1.1413	1.9478	113.14	15.225	32.385	184.73	1.8550	10.188	0.0086990
117.30	10.416	29.677	0.033696	-3.3073	-3.2722	68.604	18.439	51.695	608.04	-0.0090908	117.65	0.086655	0.0056244	1.2916	0.77426	1.1410	1.9474	113.10	15.236	32.452	184.74	1.8518	10.200	0.0087143
117.40	10.476	29.656	0.033719	-3.3023	-3.2670	68.647	18.433	51.747	607.17	-0.0088967	117.37	0.086523	0.0056034	1.2990	0.76982	1.1406	1.9470	113.06	15.247	32.521	184.76	1.8486	10.213	0.0087297
117.50	10.536	29.636	0.033743	-3.2973	-3.2618	68.690	18.426	51.799	606.30	-0.0087017	117.08	0.086392	0.0055823	1.3065	0.76541	1.1402	1.9467	113.02	15.259	32.589	184.77	1.8454	10.225	0.0087452
117.60	10.597	29.615	0.033767	-3.2924	-3.2566	68.732	18.420	51.852	605.42	-0.0085055	116.80	0.086261	0.0055613	1.3140	0.76103	1.1398	1.9463	112.97	15.270	32.658	184.79	1.8422	10.237	0.0087607
117.70	10.658	29.594	0.033790	-3.2874	-3.2514	68.775	18.414	51.905	604.55	-0.0083084	116.52	0.086129	0.0055403	1.3216	0.75668	1.1394	1.9459	112.93	15.281	32.728	184.80	1.8390	10.249	0.0087763
117.80	10.719	29.574	0.033814	-3.2824	-3.2461	68.817	18.408	51.959	603.68	-0.0081102	116.24	0.085998	0.0055193	1.3292	0.75235	1.1390	1.9455	112.89	15.293	32.798	184.82	1.8358	10.262	0.0087920
117.90	10.781	29.553	0.033838	-3.2774	-3.2409	68.860	18.402	52.012	602.80	-0.0079109	115.96	0.085867	0.0054984	1.3368	0.74806	1.1386	1.9450	112.85	15.304	32.868	184.83	1.8326	10.274	0.0088077
118.00	10.842	29.532	0.033862	-3.2724	-3.2357	68.902	18.396	52.066	601.93	-0.0077106	115.68	0.085736	0.0054774	1.3445	0.74380	1.1382	1.9446	112.80	15.316	32.939	184.85	1.8294	10.286	0.0088235
118.10	10.904	29.511	0.033886	-3.2674	-3.2305	68.945	18.390	52.121	601.05	-0.0075091	115.41	0.085605	0.0054565	1.3521	0.73956	1.1377	1.9442	112.76	15.327	33.010	184.86	1.8262	10.299	0.0088394
118.20	10.967	29.490	0.033910	-3.2624	-3.2252	68.988	18.384	52.175	600.17	-0.0073066	115.13	0.085474	0.0054356	1.3599	0.73536	1.1373	1.9437	112.72	15.339	33.082	184.88	1.8231	10.311	0.0088553
118.30	11.029	29.469	0.033934	-3.2574	-3.2200	69.030	18.378	52.231	599.29	-0.0071030	114.85	0.085343	0.0054147	1.3677	0.73118	1.1369	1.9433	112.68	15.350	33.155	184.89	1.8199	10.324	0.0088713
118.40	11.092	29.448	0.033958	-3.2524	-3.2147	69.073	18.372	52.286	598.41	-0.0068983	114.57	0.085212	0.0053938	1.3755	0.72703	1.1364	1.9428	112.63	15.362	33.227	184.90	1.8167	10.336	0.0088874
118.50	11.155	29.427	0.033982	-3.2474	-3.2095	69.115	18.366	52.342	597.53	-0.0066925	114.30	0.085081	0.0053729	1.3833	0.72290	1.1360	1.9423	112.59	15.373	33.301	184.92	1.8136	10.348	0.0089036
118.60	11.218	29.406	0.034006	-3.2424	-3.2042	69.158	18.360	52.398	596.65	-0.0064856	114.02	0.084951	0.0053520	1.3912	0.71881	1.1355	1.9418	112.55	15.385	33.374	184.93	1.8104	10.361	0.0089198
118.70	11.281	29.385	0.034031	-3.2373	-3.1989	69.200	18.354	52.455	595.77	-0.0062775	113.75	0.084820	0.0053312	1.3991	0.71474	1.1350	1.9413	112.51	15.397	33.449	184.94	1.8073	10.374	0.0089360
118.80	11.345	29.364	0.034055	-3.2323	-3.1937	69.243	18.349	52.511	594.88	-0.0060683	113.48	0.084689	0.0053104	1.4071	0.71069	1.1345	1.9408	112.46	15.409	33.523	184.95	1.8041	10.386	0.0089524
118.90	11.409	29.343	0.034080	-3.2273	-3.1884	69.285	18.343	52.569	594.00	-0.0058580	113.20	0.084559	0.0052896	1.4151	0.70668	1.1341	1.9403	112.42	15.420	33.599	184.97	1.8010	10.399	0.0089688
119.00	11.473	29.322	0.034104	-3.2223	-3.1831	69.328	18.337	52.626	593.11	-0.0056465	112.93	0.084428	0.0052688	1.4231	0.70269	1.1336	1.9398	112.38	15.432	33.674	184.98	1.7979	10.411	0.0089853
119.10	11.538	29.301	0.034129	-3.2172	-3.1778	69.370	18.331	52.685	592.22	-0.0054339	112.66	0.084298	0.0052480	1.4312	0.69873	1.1331	1.9393	112.34	15.444	33.751	184.99	1.7947	10.424	0.0090019
119.20	11.603	29.279	0.034154	-3.2122	-3.1725	69.413	18.326	52.743	591.33	-0.0052201	112.39	0.084168	0.0052272	1.4393	0.69479	1.1326	1.9387	112.29	15.456	33.828	185.00	1.7916	10.437	0.0090185
119.30	11.668	29.258	0.034179	-3.2071	-3.1673	69.455	18.320	52.802	590.45	-0.0050051	112.12	0.084037	0.0052065	1.4474	0.69088	1.1321	1.9382	112.25	15.468	33.905	185.01	1.7885	10.449	0.0090353
119.40	11.733	29.237	0.034203	-3.2021	-3.1620	69.498	18.314	52.861	589.56	-0.0047890	111.85	0.083907	0.0051858	1.4556	0.68699	1.1315	1.9376	112.21	15.480	33.983	185.02	1.7854	10.462	0.0090520
119.50	11.799	29.215	0.034228	-3.1970	-3.1566	69.541	18.309	52.921	588.66	-0.0045716	111.58	0.083777	0.0051650	1.4638	0.68313	1.1310	1.9370	112.17	15.492	34.061	185.03	1.7823	10.475	0.0090689
119.60	11.864	29.194	0.034254	-3.1920	-3.1513	69.583	18.303	52.981	587.77	-0.0043530	111.31	0.083647	0.0051443	1.4721	0.67930	1.1305	1.9364	112.12	15.504	34.140	185.05	1.7791	10.488	0.0090859
119.70	11.931	29.173	0.034279	-3.1869	-3.1460	69.626	18.298	53.041	586.88	-0.0041333	111.04	0.083517	0.0051237	1.4804	0.67549	1.1299	1.9358	112.08	15.517	34.219	185.06	1.7760	10.500	0.0091029
119.80	11.997	29.151	0.034304	-3.1819	-3.1407	69.668	18.292	53.102	585.98	-0.0039123	110.77	0.083387	0.0051030	1.4888	0.67170	1.1294	1.9352	112.04	15.529	34.299	185.07	1.7729	10.513	0.0091200
119.90	12.064	29.130	0.034329	-3.1768	-3.1354	69.711	18.287	53.163	585.09	-0.0036901	110.51	0.083257	0.0050824	1.4971	0.66794	1.1288	1.9346	112.00	15.541	34.380	185.08	1.7699	10.526	0.0091372
120.00	12.130	29.108	0.034354	-3.1717	-3.1300	69.753	18.281	53.225	584.19	-0.0034666	110.24	0.083127	0.0050617	1.5056	0.66420	1.1283	1.9340	111.95	15.553	34.461	185.09	1.7668	10.539	0.0091544
120.10	12.198	29.087	0.034380	-3.1666	-3.1247	69.796	18.276	53.287	583.29	-0.0032419	109.97	0.082997	0.0050411	1.5140	0.66049	1.1277	1.9333	111.91	15.566	34.543	185.10	1.7637	10.552	0.0091718
120.20	12.265	29.065	0.034405	-3.1616	-3.1194	69.838	18.271	53.349	582.39	-0.0030160	109.71	0.082868	0.0050205	1.5225	0.65680	1.1271	1.9327	111.87	15.578	34.625	185.10	1.7606	10.565	0.0091892
120.30	12.333	29.044	0.034431	-3.1565	-3.1140	69.881	18.265	53.412	581.49	-0.0027887	109.44	0.082738	0.0050000	1.5311	0.65313	1.1266	1.9320	111.83	15.591	34.708	185.11	1.7575	10.578	0.0092067
120.40	12.400	29.022	0.034457	-3.1514	-3.1087	69.923	18.260	53.476	580.59	-0.0025602	109.18	0.082608	0.0049794	1.5397	0.64949	1.1260	1.9314	111.78	15.603	34.791	185.12	1.7544	10.591	0.0092243
120.50	12.469	29.000	0.034483	-3.1463	-3.1033	69.966	18.255	53.539	579.69	-0.0023305	108.92	0.082479	0.0049589	1.5483	0.64587	1.1254	1.9307	111.74	15.616	34.875	185.13	1.7514	10.604	0.0092419
120.60	12.537	28.978	0.034508	-3.1412	-3.0979	70.009	18.249	53.604	578.79	-0.0020994	108.65	0.082349	0.0049383	1.5570	0.64228	1.1248	1.9300	111.70	15.628	34.960	185.14	1.7483	10.617	0.0092597
120.70	12.606	28.957	0.034534	-3.1361	-3.0926	70.051	18.244	53.668	577.88	-0.0018670	108.39	0.082220	0.0049178	1.5657	0.63871	1.1241	1.9293	111.66	15.641	35.045	185.15	1.7452	10.630	0.0092775
120.80	12.675	28.935	0.034560	-3.1310	-3.0872	70.094	18.239	53.733	576.98	-0.0016333	108.13	0.082090	0.0048973	1.5744	0.63516	1.1235	1.9286	111.61	15.653	35.131	185.16	1.7422	10.643	0.0092954
120.90	12.744	28.913	0.034586	-3.1259	-3.0818	70.136	18.234	53.799	576.07	-0.0013983	107.87	0.081961	0.0048769	1.5832	0.63163	1.1229	1.9279	111.57	15.666	35.217	185.16	1.7391	10.657	0.0093134
121.00	12.814	28.891	0.034613	-3.1208	-3.0764	70.179	18.229	53.865	575.16	-0.0011619	107.61	0.081832	0.0048564	1.5920	0.62813	1.1223	1.9271	111.53	15.679	35.305	185.17	1.7361	10.670	0.0093315
121.10	12.884	28.869	0.034639	-3.1156	-3.0710	70.221	18.224	53.932	574.25	-0.00092422	107.34	0.081703	0.0048360	1.6009	0.62464	1.1216	1.9264	111.49	15.692	35.392	185.18	1.7330	10.683	0.0093497
121.20	12.954	28.847	0.034665	-3.1105	-3.0656	70.264	18.219	53.998	573.34	-0.00068516	107.08	0.081574	0.0048155	1.6098	0.62118	1.1210	1.9256	111.45	15.705	35.480	185.18	1.7300	10.696	0.0093680
121.30	13.024	28.825	0.034692	-3.1054	-3.0602	70.306	18.214	54.066	572.43	-0.00044474	106.83	0.081445	0.0047951	1.6188	0.61775	1.1203	1.9249	111.40	15.718	35.569	185.19	1.7270	10.710	0.0093863
121.40	13.095	28.803	0.034718	-3.1003	-3.0548	70.349	18.209	54.134	571.52	-0.00020293	106.57	0.081316	0.0047747	1.6278	0.61433	1.1196	1.9241	111.36	15.731	35.659	185.20	1.7239	10.723	0.0094048
121.50	13.165	28.781	0.034745	-3.0951	-3.0494	70.392	18.204	54.202	570.60	4.0259e-05	106.31	0.081187	0.0047544	1.6368	0.61093	1.1190	1.9233	111.32	15.744	35.749	185.20	1.7209	10.736	0.0094233
121.60	13.237	28.759	0.034771	-3.0900	-3.0440	70.434	18.199	54.271	569.69	0.00028485	106.05	0.081058	0.0047340	1.6459	0.60756	1.1183	1.9225	111.28	15.757	35.840	185.21	1.7179	10.750	0.0094419
121.70	13.308	28.737	0.034798	-3.0848	-3.0385	70.477	18.194	54.340	568.77	0.00053085	105.79	0.080929	0.0047137	1.6551	0.60421	1.1176	1.9217	111.23	15.770	35.932	185.22	1.7148	10.763	0.0094606
121.80	13.380	28.715	0.034825	-3.0797	-3.0331	70.519	18.189	54.410	567.86	0.00077827	105.54	0.080800	0.0046934	1.6642	0.60088	1.1169	1.9208	111.19	15.783	36.024	185.22	1.7118	10.777	0.0094794
121.90	13.452	28.693	0.034852	-3.0745	-3.0277	70.562	18.185	54.480	566.94	0.0010271	105.28	0.080671	0.0046731	1.6735	0.59757	1.1162	1.9200	111.15	15.796	36.117	185.23	1.7088	10.790	0.0094983
122.00	13.524	28.670	0.034879	-3.0694	-3.0222	70.605	18.180	54.551	566.02	0.0012774	105.02	0.080543	0.0046528	1.6827	0.59428	1.1155	1.9192	111.11	15.810	36.210	185.23	1.7058	10.804	0.0095173
122.10	13.597	28.648	0.034906	-3.0642	-3.0168	70.647	18.175	54.623	565.10	0.0015292	104.77	0.080414	0.0046325	1.6920	0.59101	1.1147	1.9183	111.07	15.823	36.305	185.24	1.7028	10.818	0.0095364
122.20	13.669	28.626	0.034933	-3.0591	-3.0113	70.690	18.170	54.694	564.17	0.0017824	104.51	0.080286	0.0046123	1.7014	0.58776	1.1140	1.9174	111.02	15.836	36.400	185.24	1.6998	10.831	0.0095556
122.30	13.742	28.603	0.034961	-3.0539	-3.0058	70.732	18.166	54.767	563.25	0.0020371	104.26	0.080157	0.0045920	1.7108	0.58453	1.1133	1.9166	110.98	15.850	36.495	185.25	1.6968	10.845	0.0095749
122.40	13.816	28.581	0.034988	-3.0487	-3.0004	70.775	18.161	54.840	562.33	0.0022933	104.01	0.080029	0.0045718	1.7202	0.58132	1.1125	1.9157	110.94	15.863	36.592	185.25	1.6938	10.859	0.0095943
122.50	13.890	28.559	0.035016	-3.0435	-2.9949	70.818	18.157	54.913	561.40	0.0025510	103.75	0.079900	0.0045516	1.7297	0.57813	1.1118	1.9148	110.90	15.877	36.689	185.25	1.6908	10.872	0.0096138
122.60	13.963	28.536	0.035043	-3.0383	-2.9894	70.860	18.152	54.987	560.47	0.0028102	103.50	0.079772	0.0045315	1.7392	0.57496	1.1110	1.9139	110.85	15.890	36.787	185.26	1.6878	10.886	0.0096334
122.70	14.038	28.514	0.035071	-3.0331	-2.9839	70.903	18.148	55.062	559.54	0.0030709	103.25	0.079644	0.0045113	1.7488	0.57181	1.1102	1.9129	110.81	15.904	36.885	185.26	1.6848	10.900	0.0096531
122.80	14.112	28.491	0.035099	-3.0279	-2.9784	70.946	18.143	55.137	558.62	0.0033332	103.00	0.079516	0.0044912	1.7584	0.56868	1.1095	1.9120	110.77	15.918	36.985	185.27	1.6818	10.914	0.0096729
122.90	14.187	28.468	0.035127	-3.0227	-2.9729	70.988	18.139	55.212	557.68	0.0035970	102.74	0.079388	0.0044710	1.7681	0.56557	1.1087	1.9110	110.73	15.932	37.085	185.27	1.6788	10.928	0.0096928
123.00	14.262	28.446	0.035155	-3.0175	-2.9674	71.031	18.134	55.288	556.75	0.0038624	102.49	0.079260	0.0044509	1.7778	0.56248	1.1079	1.9101	110.69	15.945	37.186	185.27	1.6758	10.942	0.0097128
123.10	14.337	28.423	0.035183	-3.0123	-2.9619	71.074	18.130	55.365	555.82	0.0041294	102.24	0.079132	0.0044309	1.7876	0.55941	1.1071	1.9091	110.64	15.959	37.287	185.27	1.6728	10.955	0.0097329
123.20	14.413	28.400	0.035211	-3.0071	-2.9564	71.116	18.126	55.442	554.88	0.0043980	101.99	0.079004	0.0044108	1.7974	0.55635	1.1063	1.9081	110.60	15.973	37.390	185.28	1.6699	10.969	0.0097531
123.30	14.489	28.377	0.035239	-3.0019	-2.9508	71.159	18.122	55.520	553.95	0.0046681	101.74	0.078876	0.0043907	1.8073	0.55332	1.1054	1.9071	110.56	15.987	37.493	185.28	1.6669	10.984	0.0097734
123.40	14.565	28.355	0.035268	-2.9967	-2.9453	71.202	18.117	55.599	553.01	0.0049399	101.49	0.078748	0.0043707	1.8172	0.55030	1.1046	1.9061	110.52	16.001	37.597	185.28	1.6639	10.998	0.0097938
123.50	14.642	28.332	0.035296	-2.9914	-2.9398	71.244	18.113	55.678	552.07	0.0052133	101.25	0.078620	0.0043507	1.8271	0.54730	1.1038	1.9051	110.47	16.015	37.702	185.28	1.6609	11.012	0.0098144
123.60	14.718	28.309	0.035325	-2.9862	-2.9342	71.287	18.109	55.757	551.13	0.0054884	101.00	0.078493	0.0043307	1.8371	0.54432	1.1029	1.9041	110.43	16.030	37.807	185.28	1.6580	11.026	0.0098350
123.70	14.795	28.286	0.035353	-2.9810	-2.9287	71.330	18.105	55.838	550.19	0.0057651	100.75	0.078365	0.0043107	1.8472	0.54136	1.1021	1.9030	110.39	16.044	37.914	185.28	1.6550	11.040	0.0098558
123.80	14.873	28.263	0.035382	-2.9757	-2.9231	71.373	18.101	55.918	549.25	0.0060435	100.50	0.078237	0.0042908	1.8573	0.53842	1.1012	1.9020	110.35	16.058	38.021	185.28	1.6521	11.054	0.0098766
123.90	14.950	28.240	0.035411	-2.9705	-2.9175	71.415	18.097	56.000	548.31	0.0063236	100.25	0.078110	0.0042708	1.8675	0.53549	1.1003	1.9009	110.30	16.072	38.129	185.29	1.6491	11.069	0.0098976
124.00	15.028	28.217	0.035440	-2.9652	-2.9119	71.458	18.093	56.082	547.36	0.0066053	100.01	0.077983	0.0042509	1.8777	0.53258	1.0994	1.8998	110.26	16.087	38.238	185.29	1.6461	11.083	0.0099187
124.10	15.106	28.194	0.035469	-2.9599	-2.9064	71.501	18.089	56.165	546.41	0.0068888	99.762	0.077855	0.0042310	1.8879	0.52969	1.0985	1.8987	110.22	16.101	38.348	185.29	1.6432	11.097	0.0099399
124.20	15.185	28.170	0.035498	-2.9547	-2.9008	71.544	18.085	56.248	545.47	0.0071741	99.516	0.077728	0.0042111	1.8982	0.52682	1.0976	1.8976	110.18	16.116	38.459	185.29	1.6402	11.112	0.0099613
124.30	15.264	28.147	0.035527	-2.9494	-2.8952	71.586	18.081	56.332	544.52	0.0074610	99.271	0.077601	0.0041913	1.9085	0.52396	1.0967	1.8965	110.14	16.130	38.570	185.29	1.6373	11.126	0.0099827
124.40	15.343	28.124	0.035557	-2.9441	-2.8896	71.629	18.077	56.417	543.57	0.0077498	99.026	0.077473	0.0041714	1.9189	0.52112	1.0958	1.8953	110.09	16.145	38.683	185.28	1.6344	11.141	0.010004
124.50	15.422	28.101	0.035586	-2.9388	-2.8840	71.672	18.074	56.502	542.61	0.0080403	98.782	0.077346	0.0041516	1.9294	0.51830	1.0949	1.8942	110.05	16.160	38.796	185.28	1.6314	11.155	0.010026
124.60	15.502	28.077	0.035616	-2.9336	-2.8783	71.715	18.070	56.588	541.66	0.0083326	98.538	0.077219	0.0041318	1.9399	0.51549	1.0939	1.8930	110.01	16.175	38.911	185.28	1.6285	11.170	0.010048
124.70	15.582	28.054	0.035646	-2.9283	-2.8727	71.758	18.066	56.674	540.71	0.0086267	98.294	0.077092	0.0041120	1.9505	0.51270	1.0930	1.8919	109.97	16.189	39.026	185.28	1.6255	11.184	0.010070
124.80	15.662	28.030	0.035676	-2.9230	-2.8671	71.800	18.063	56.762	539.75	0.0089226	98.051	0.076965	0.0040922	1.9611	0.50993	1.0920	1.8907	109.92	16.204	39.142	185.28	1.6226	11.199	0.010092
124.90	15.742	28.007	0.035705	-2.9177	-2.8614	71.843	18.059	56.850	538.79	0.0092203	97.808	0.076838	0.0040725	1.9717	0.50717	1.0911	1.8895	109.88	16.219	39.259	185.28	1.6197	11.214	0.010114
125.00	15.823	27.983	0.035735	-2.9123	-2.8558	71.886	18.056	56.938	537.83	0.0095199	97.565	0.076711	0.0040527	1.9824	0.50443	1.0901	1.8883	109.84	16.234	39.377	185.28	1.6167	11.228	0.010136
125.10	15.904	27.960	0.035766	-2.9070	-2.8501	71.929	18.052	57.028	536.87	0.0098214	97.323	0.076584	0.0040330	1.9932	0.50171	1.0891	1.8870	109.80	16.249	39.496	185.27	1.6138	11.243	0.010159
125.20	15.986	27.936	0.035796	-2.9017	-2.8445	71.972	18.049	57.118	535.91	0.010125	97.081	0.076458	0.0040133	2.0040	0.49900	1.0881	1.8858	109.75	16.264	39.616	185.27	1.6109	11.258	0.010181
125.30	16.068	27.912	0.035826	-2.8964	-2.8388	72.015	18.045	57.208	534.95	0.010430	96.840	0.076331	0.0039937	2.0149	0.49631	1.0871	1.8846	109.71	16.280	39.737	185.27	1.6079	11.273	0.010204
125.40	16.150	27.889	0.035857	-2.8911	-2.8331	72.058	18.042	57.300	533.98	0.010737	96.599	0.076204	0.0039740	2.0258	0.49363	1.0861	1.8833	109.67	16.295	39.859	185.27	1.6050	11.288	0.010227
125.50	16.232	27.865	0.035887	-2.8857	-2.8275	72.101	18.039	57.392	533.02	0.011046	96.358	0.076078	0.0039544	2.0368	0.49097	1.0851	1.8820	109.63	16.310	39.982	185.26	1.6021	11.303	0.010250
125.60	16.314	27.841	0.035918	-2.8804	-2.8218	72.144	18.035	57.485	532.05	0.011357	96.118	0.075951	0.0039348	2.0478	0.48833	1.0840	1.8807	109.58	16.326	40.106	185.26	1.5992	11.318	0.010273
125.70	16.397	27.817	0.035949	-2.8750	-2.8161	72.187	18.032	57.579	531.08	0.011671	95.878	0.075825	0.0039152	2.0589	0.48570	1.0830	1.8794	109.54	16.341	40.231	185.25	1.5963	11.333	0.010296
125.80	16.481	27.793	0.035980	-2.8697	-2.8104	72.230	18.029	57.673	530.11	0.011986	95.639	0.075698	0.0038956	2.0700	0.48309	1.0820	1.8781	109.50	16.357	40.357	185.25	1.5933	11.348	0.010320
125.90	16.564	27.769	0.036011	-2.8643	-2.8047	72.273	18.026	57.769	529.14	0.012303	95.399	0.075572	0.0038760	2.0812	0.48049	1.0809	1.8768	109.46	16.372	40.485	185.25	1.5904	11.363	0.010343
126.00	16.648	27.745	0.036042	-2.8589	-2.7989	72.316	18.023	57.865	528.16	0.012622	95.161	0.075445	0.0038565	2.0925	0.47791	1.0798	1.8754	109.41	16.388	40.613	185.24	1.5875	11.378	0.010367
126.10	16.732	27.721	0.036074	-2.8536	-2.7932	72.359	18.020	57.962	527.19	0.012943	94.922	0.075319	0.0038370	2.1038	0.47534	1.0787	1.8741	109.37	16.404	40.742	185.24	1.5846	11.394	0.010391
126.20	16.816	27.697	0.036105	-2.8482	-2.7875	72.402	18.017	58.059	526.21	0.013266	94.684	0.075193	0.0038175	2.1151	0.47278	1.0776	1.8727	109.33	16.420	40.873	185.23	1.5817	11.409	0.010414
126.30	16.901	27.673	0.036137	-2.8428	-2.7817	72.445	18.014	58.158	525.23	0.013591	94.446	0.075067	0.0037980	2.1265	0.47025	1.0765	1.8713	109.29	16.436	41.004	185.23	1.5788	11.424	0.010439
126.40	16.986	27.649	0.036168	-2.8374	-2.7760	72.488	18.011	58.257	524.26	0.013919	94.209	0.074941	0.0037785	2.1380	0.46772	1.0754	1.8699	109.24	16.451	41.137	185.22	1.5759	11.440	0.010463
126.50	17.071	27.624	0.036200	-2.8320	-2.7702	72.531	18.008	58.357	523.27	0.014248	93.972	0.074815	0.0037591	2.1496	0.46521	1.0743	1.8685	109.20	16.468	41.271	185.21	1.5730	11.455	0.010487
126.60	17.157	27.600	0.036232	-2.8266	-2.7644	72.574	18.005	58.458	522.29	0.014580	93.735	0.074688	0.0037397	2.1611	0.46272	1.0732	1.8671	109.16	16.484	41.406	185.21	1.5701	11.471	0.010512
126.70	17.243	27.576	0.036264	-2.8212	-2.7587	72.617	18.003	58.560	521.31	0.014914	93.498	0.074563	0.0037203	2.1728	0.46024	1.0720	1.8656	109.12	16.500	41.542	185.20	1.5672	11.486	0.010536
126.80	17.329	27.551	0.036296	-2.8158	-2.7529	72.661	18.000	58.662	520.32	0.015250	93.262	0.074437	0.0037009	2.1845	0.45777	1.0709	1.8642	109.07	16.516	41.679	185.20	1.5643	11.502	0.010561
126.90	17.416	27.527	0.036329	-2.8104	-2.7471	72.704	17.997	58.766	519.33	0.015588	93.027	0.074311	0.0036816	2.1963	0.45532	1.0697	1.8627	109.03	16.532	41.818	185.19	1.5614	11.518	0.010586
127.00	17.503	27.502	0.036361	-2.8049	-2.7413	72.747	17.995	58.870	518.34	0.015928	92.791	0.074185	0.0036622	2.2081	0.45288	1.0685	1.8612	108.99	16.549	41.958	185.18	1.5585	11.533	0.010611
127.10	17.590	27.477	0.036394	-2.7995	-2.7355	72.790	17.992	58.975	517.35	0.016271	92.556	0.074059	0.0036429	2.2200	0.45046	1.0674	1.8597	108.94	16.565	42.099	185.17	1.5556	11.549	0.010637
127.20	17.677	27.453	0.036426	-2.7940	-2.7297	72.834	17.990	59.082	516.36	0.016616	92.321	0.073933	0.0036236	2.2319	0.44805	1.0662	1.8582	108.90	16.582	42.241	185.17	1.5527	11.565	0.010662
127.30	17.765	27.428	0.036459	-2.7886	-2.7238	72.877	17.987	59.189	515.37	0.016963	92.087	0.073808	0.0036043	2.2439	0.44565	1.0650	1.8567	108.86	16.598	42.385	185.16	1.5498	11.581	0.010688
127.40	17.853	27.403	0.036492	-2.7831	-2.7180	72.920	17.985	59.297	514.37	0.017312	91.852	0.073682	0.0035851	2.2560	0.44327	1.0638	1.8551	108.82	16.615	42.529	185.15	1.5469	11.597	0.010714
127.50	17.942	27.378	0.036525	-2.7777	-2.7122	72.963	17.983	59.406	513.38	0.017664	91.618	0.073557	0.0035658	2.2681	0.44090	1.0625	1.8536	108.77	16.632	42.676	185.14	1.5440	11.613	0.010739
127.60	18.030	27.353	0.036558	-2.7722	-2.7063	73.007	17.981	59.516	512.38	0.018018	91.385	0.073431	0.0035466	2.2803	0.43854	1.0613	1.8520	108.73	16.649	42.823	185.13	1.5411	11.629	0.010766
127.70	18.119	27.329	0.036592	-2.7667	-2.7004	73.050	17.978	59.626	511.38	0.018375	91.151	0.073306	0.0035274	2.2925	0.43620	1.0600	1.8504	108.69	16.665	42.972	185.12	1.5382	11.645	0.010792
127.80	18.209	27.304	0.036625	-2.7613	-2.6946	73.094	17.976	59.738	510.37	0.018734	90.918	0.073180	0.0035083	2.3049	0.43387	1.0588	1.8488	108.64	16.682	43.122	185.11	1.5353	11.661	0.010818
127.90	18.298	27.278	0.036659	-2.7558	-2.6887	73.137	17.974	59.851	509.37	0.019095	90.686	0.073055	0.0034891	2.3172	0.43155	1.0575	1.8472	108.60	16.699	43.273	185.11	1.5324	11.677	0.010845
128.00	18.388	27.253	0.036693	-2.7503	-2.6828	73.180	17.972	59.965	508.36	0.019459	90.453	0.072930	0.0034700	2.3297	0.42924	1.0562	1.8455	108.56	16.717	43.426	185.10	1.5295	11.694	0.010872
128.10	18.479	27.228	0.036727	-2.7448	-2.6769	73.224	17.970	60.080	507.36	0.019825	90.221	0.072804	0.0034509	2.3422	0.42695	1.0549	1.8439	108.51	16.734	43.581	185.09	1.5266	11.710	0.010899
128.20	18.569	27.203	0.036761	-2.7393	-2.6710	73.267	17.968	60.195	506.35	0.020194	89.989	0.072679	0.0034318	2.3547	0.42468	1.0536	1.8422	108.47	16.751	43.736	185.08	1.5237	11.726	0.010926
128.30	18.660	27.178	0.036795	-2.7337	-2.6651	73.311	17.966	60.312	505.34	0.020565	89.757	0.072554	0.0034127	2.3674	0.42241	1.0523	1.8405	108.43	16.768	43.893	185.06	1.5209	11.743	0.010953
128.40	18.751	27.152	0.036829	-2.7282	-2.6592	73.354	17.965	60.430	504.33	0.020939	89.526	0.072429	0.0033937	2.3801	0.42016	1.0510	1.8388	108.39	16.786	44.052	185.05	1.5180	11.759	0.010981
128.50	18.843	27.127	0.036864	-2.7227	-2.6532	73.398	17.963	60.549	503.31	0.021315	89.295	0.072304	0.0033747	2.3928	0.41792	1.0497	1.8371	108.34	16.803	44.212	185.04	1.5151	11.776	0.011009
128.60	18.935	27.101	0.036898	-2.7172	-2.6473	73.441	17.961	60.669	502.30	0.021694	89.064	0.072179	0.0033557	2.4057	0.41569	1.0483	1.8354	108.30	16.821	44.374	185.03	1.5122	11.793	0.011036
128.70	19.027	27.076	0.036933	-2.7116	-2.6413	73.485	17.960	60.790	501.28	0.022076	88.834	0.072054	0.0033367	2.4185	0.41347	1.0469	1.8336	108.26	16.839	44.537	185.02	1.5093	11.809	0.011064
128.80	19.119	27.050	0.036968	-2.7061	-2.6354	73.529	17.958	60.913	500.26	0.022460	88.603	0.071929	0.0033177	2.4315	0.41127	1.0456	1.8319	108.21	16.856	44.702	185.01	1.5064	11.826	0.011093
128.90	19.212	27.025	0.037003	-2.7005	-2.6294	73.572	17.957	61.036	499.24	0.022847	88.373	0.071804	0.0032988	2.4445	0.40908	1.0442	1.8301	108.17	16.874	44.868	185.00	1.5036	11.843	0.011121
129.00	19.305	26.999	0.037039	-2.6949	-2.6234	73.616	17.955	61.161	498.21	0.023236	88.143	0.071679	0.0032799	2.4576	0.40690	1.0428	1.8283	108.13	16.892	45.036	184.98	1.5007	11.860	0.011150
129.10	19.399	26.973	0.037074	-2.6894	-2.6174	73.660	17.954	61.286	497.19	0.023628	87.914	0.071554	0.0032610	2.4708	0.40473	1.0414	1.8265	108.08	16.910	45.205	184.97	1.4978	11.877	0.011179
129.20	19.493	26.947	0.037110	-2.6838	-2.6114	73.704	17.953	61.413	496.16	0.024023	87.685	0.071429	0.0032421	2.4840	0.40257	1.0400	1.8247	108.04	16.928	45.376	184.96	1.4949	11.894	0.011208
129.30	19.587	26.921	0.037145	-2.6782	-2.6054	73.747	17.951	61.541	495.13	0.024421	87.456	0.071305	0.0032233	2.4973	0.40043	1.0385	1.8228	108.00	16.946	45.549	184.95	1.4920	11.911	0.011237
129.40	19.681	26.895	0.037181	-2.6726	-2.5994	73.791	17.950	61.670	494.10	0.024822	87.227	0.071180	0.0032044	2.5107	0.39830	1.0371	1.8210	107.95	16.965	45.723	184.93	1.4891	11.928	0.011267
129.50	19.776	26.869	0.037217	-2.6670	-2.5934	73.835	17.949	61.801	493.07	0.025225	86.998	0.071055	0.0031856	2.5241	0.39618	1.0356	1.8191	107.91	16.983	45.899	184.92	1.4863	11.945	0.011296
129.60	19.871	26.843	0.037253	-2.6614	-2.5874	73.879	17.948	61.932	492.04	0.025632	86.770	0.070931	0.0031668	2.5376	0.39407	1.0341	1.8172	107.86	17.001	46.077	184.90	1.4834	11.963	0.011326
129.70	19.966	26.817	0.037290	-2.6558	-2.5813	73.923	17.947	62.065	491.00	0.026041	86.542	0.070806	0.0031481	2.5512	0.39197	1.0327	1.8153	107.82	17.020	46.257	184.89	1.4805	11.980	0.011356
129.80	20.062	26.791	0.037326	-2.6501	-2.5753	73.967	17.946	62.200	489.96	0.026453	86.314	0.070681	0.0031293	2.5649	0.38988	1.0312	1.8134	107.78	17.039	46.438	184.88	1.4776	11.997	0.011386
129.90	20.158	26.764	0.037363	-2.6445	-2.5692	74.011	17.945	62.335	488.93	0.026868	86.086	0.070557	0.0031106	2.5786	0.38781	1.0297	1.8114	107.73	17.057	46.621	184.86	1.4747	12.015	0.011417
130.00	20.255	26.738	0.037400	-2.6389	-2.5631	74.055	17.945	62.472	487.88	0.027286	85.859	0.070432	0.0030919	2.5924	0.38574	1.0281	1.8095	107.69	17.076	46.806	184.85	1.4719	12.032	0.011448
130.10	20.351	26.712	0.037437	-2.6332	-2.5570	74.099	17.944	62.610	486.84	0.027707	85.631	0.070308	0.0030733	2.6063	0.38369	1.0266	1.8075	107.65	17.095	46.993	184.83	1.4690	12.050	0.011479
130.20	20.448	26.685	0.037474	-2.6276	-2.5509	74.143	17.943	62.749	485.79	0.028131	85.404	0.070184	0.0030546	2.6202	0.38165	1.0251	1.8055	107.60	17.114	47.182	184.82	1.4661	12.068	0.011510
130.30	20.546	26.659	0.037511	-2.6219	-2.5448	74.187	17.943	62.890	484.75	0.028558	85.177	0.070059	0.0030360	2.6342	0.37962	1.0235	1.8035	107.56	17.133	47.373	184.80	1.4632	12.086	0.011541
130.40	20.643	26.632	0.037549	-2.6162	-2.5387	74.231	17.942	63.033	483.70	0.028989	84.951	0.069935	0.0030174	2.6483	0.37760	1.0219	1.8014	107.51	17.152	47.565	184.78	1.4603	12.103	0.011573
130.50	20.742	26.605	0.037587	-2.6105	-2.5326	74.275	17.942	63.176	482.65	0.029422	84.724	0.069811	0.0029988	2.6625	0.37559	1.0204	1.7994	107.47	17.171	47.760	184.77	1.4575	12.121	0.011605
130.60	20.840	26.578	0.037625	-2.6048	-2.5264	74.319	17.942	63.321	481.59	0.029859	84.498	0.069686	0.0029802	2.6767	0.37359	1.0188	1.7973	107.43	17.190	47.957	184.75	1.4546	12.139	0.011637
130.70	20.939	26.552	0.037663	-2.5991	-2.5203	74.363	17.941	63.468	480.54	0.030298	84.272	0.069562	0.0029617	2.6911	0.37160	1.0171	1.7952	107.38	17.210	48.155	184.73	1.4517	12.157	0.011669
130.80	21.038	26.525	0.037701	-2.5934	-2.5141	74.408	17.941	63.616	479.48	0.030741	84.046	0.069438	0.0029432	2.7055	0.36962	1.0155	1.7931	107.34	17.229	48.356	184.72	1.4488	12.176	0.011702
130.90	21.137	26.498	0.037739	-2.5877	-2.5079	74.452	17.941	63.765	478.42	0.031188	83.821	0.069314	0.0029247	2.7199	0.36765	1.0139	1.7910	107.29	17.249	48.559	184.70	1.4459	12.194	0.011735
131.00	21.237	26.471	0.037778	-2.5820	-2.5018	74.496	17.941	63.916	477.36	0.031637	83.595	0.069190	0.0029062	2.7345	0.36570	1.0122	1.7888	107.25	17.269	48.764	184.68	1.4430	12.212	0.011768
131.10	21.337	26.443	0.037817	-2.5763	-2.4956	74.541	17.941	64.069	476.30	0.032090	83.370	0.069066	0.0028878	2.7491	0.36375	1.0106	1.7867	107.20	17.288	48.971	184.66	1.4401	12.230	0.011801
131.20	21.437	26.416	0.037856	-2.5705	-2.4894	74.585	17.941	64.223	475.23	0.032547	83.145	0.068942	0.0028694	2.7639	0.36181	1.0089	1.7845	107.16	17.308	49.180	184.65	1.4373	12.249	0.011835
131.30	21.538	26.389	0.037895	-2.5648	-2.4831	74.630	17.941	64.378	474.16	0.033007	82.920	0.068817	0.0028510	2.7787	0.35989	1.0072	1.7823	107.12	17.328	49.392	184.63	1.4344	12.267	0.011869
131.40	21.639	26.361	0.037934	-2.5590	-2.4769	74.674	17.942	64.535	473.09	0.033470	82.695	0.068693	0.0028326	2.7935	0.35797	1.0055	1.7801	107.07	17.348	49.606	184.61	1.4315	12.286	0.011903
131.50	21.740	26.334	0.037974	-2.5532	-2.4707	74.719	17.942	64.694	472.02	0.033937	82.470	0.068569	0.0028143	2.8085	0.35606	1.0038	1.7779	107.03	17.368	49.822	184.59	1.4286	12.305	0.011937
131.60	21.842	26.307	0.038013	-2.5474	-2.4644	74.763	17.942	64.855	470.95	0.034407	82.246	0.068446	0.0027959	2.8235	0.35417	1.0020	1.7756	106.98	17.389	50.040	184.57	1.4257	12.324	0.011972
131.70	21.944	26.279	0.038053	-2.5417	-2.4582	74.808	17.943	65.017	469.87	0.034881	82.022	0.068322	0.0027776	2.8387	0.35228	1.0003	1.7733	106.94	17.409	50.261	184.55	1.4228	12.342	0.012007
131.80	22.047	26.251	0.038093	-2.5359	-2.4519	74.853	17.944	65.181	468.79	0.035358	81.798	0.068198	0.0027594	2.8539	0.35040	0.99850	1.7710	106.89	17.430	50.485	184.53	1.4199	12.361	0.012042
131.90	22.149	26.223	0.038134	-2.5301	-2.4456	74.897	17.944	65.347	467.71	0.035839	81.574	0.068074	0.0027411	2.8692	0.34853	0.99672	1.7687	106.85	17.450	50.711	184.51	1.4170	12.380	0.012077
132.00	22.252	26.196	0.038174	-2.5242	-2.4393	74.942	17.945	65.514	466.63	0.036324	81.350	0.067950	0.0027229	2.8845	0.34668	0.99493	1.7664	106.80	17.471	50.939	184.49	1.4141	12.400	0.012113
132.10	22.356	26.168	0.038215	-2.5184	-2.4330	74.987	17.946	65.683	465.55	0.036813	81.126	0.067826	0.0027047	2.9000	0.34483	0.99312	1.7640	106.76	17.492	51.170	184.47	1.4112	12.419	0.012149
132.20	22.460	26.140	0.038256	-2.5126	-2.4267	75.032	17.947	65.854	464.46	0.037305	80.903	0.067702	0.0026865	2.9155	0.34299	0.99130	1.7616	106.71	17.513	51.403	184.45	1.4083	12.438	0.012185
132.30	22.564	26.112	0.038297	-2.5067	-2.4203	75.077	17.948	66.027	463.37	0.037801	80.679	0.067579	0.0026684	2.9312	0.34116	0.98946	1.7592	106.67	17.534	51.639	184.43	1.4054	12.457	0.012222
132.40	22.668	26.083	0.038338	-2.5009	-2.4140	75.122	17.949	66.202	462.28	0.038302	80.456	0.067455	0.0026502	2.9469	0.33934	0.98760	1.7568	106.62	17.555	51.878	184.41	1.4025	12.477	0.012259
132.50	22.773	26.055	0.038380	-2.4950	-2.4076	75.167	17.950	66.378	461.19	0.038805	80.233	0.067331	0.0026321	2.9627	0.33753	0.98573	1.7544	106.58	17.576	52.120	184.38	1.3996	12.496	0.012296
132.60	22.878	26.027	0.038422	-2.4891	-2.4012	75.212	17.951	66.557	460.09	0.039313	80.010	0.067207	0.0026141	2.9786	0.33573	0.98385	1.7519	106.53	17.597	52.364	184.36	1.3967	12.516	0.012333
132.70	22.984	25.998	0.038464	-2.4833	-2.3948	75.257	17.953	66.738	458.99	0.039825	79.787	0.067084	0.0025960	2.9946	0.33393	0.98194	1.7495	106.49	17.619	52.611	184.34	1.3938	12.536	0.012371
132.80	23.090	25.970	0.038506	-2.4774	-2.3884	75.302	17.954	66.920	457.89	0.040341	79.564	0.066960	0.0025780	3.0107	0.33215	0.98003	1.7470	106.44	17.641	52.861	184.32	1.3909	12.556	0.012409
132.90	23.196	25.941	0.038548	-2.4715	-2.3820	75.347	17.956	67.105	456.79	0.040861	79.342	0.066836	0.0025600	3.0269	0.33037	0.97810	1.7444	106.40	17.662	53.114	184.29	1.3880	12.576	0.012448
133.00	23.303	25.913	0.038591	-2.4655	-2.3756	75.392	17.957	67.291	455.69	0.041386	79.119	0.066713	0.0025420	3.0431	0.32861	0.97615	1.7419	106.35	17.684	53.370	184.27	1.3851	12.596	0.012487
133.10	23.409	25.884	0.038634	-2.4596	-2.3692	75.438	17.959	67.480	454.58	0.041914	78.897	0.066589	0.0025240	3.0595	0.32685	0.97418	1.7393	106.31	17.706	53.629	184.25	1.3822	12.616	0.012526
133.20	23.517	25.855	0.038677	-2.4537	-2.3627	75.483	17.961	67.671	453.47	0.042447	78.675	0.066466	0.0025061	3.0760	0.32510	0.97220	1.7367	106.26	17.728	53.891	184.22	1.3793	12.636	0.012565
133.30	23.624	25.826	0.038721	-2.4477	-2.3563	75.528	17.963	67.864	452.36	0.042984	78.453	0.066342	0.0024882	3.0925	0.32336	0.97020	1.7341	106.21	17.751	54.156	184.20	1.3763	12.656	0.012605
133.40	23.732	25.797	0.038764	-2.4418	-2.3498	75.574	17.965	68.059	451.25	0.043525	78.231	0.066218	0.0024703	3.1092	0.32163	0.96819	1.7315	106.17	17.773	54.425	184.18	1.3734	12.677	0.012645
133.50	23.841	25.768	0.038808	-2.4358	-2.3433	75.619	17.967	68.257	450.13	0.044071	78.009	0.066095	0.0024525	3.1259	0.31991	0.96616	1.7288	106.12	17.796	54.697	184.15	1.3705	12.697	0.012685
133.60	23.949	25.739	0.038852	-2.4298	-2.3368	75.665	17.969	68.457	449.01	0.044621	77.787	0.065971	0.0024347	3.1427	0.31819	0.96411	1.7262	106.08	17.818	54.972	184.12	1.3676	12.718	0.012726
133.70	24.058	25.709	0.038896	-2.4238	-2.3303	75.710	17.971	68.659	447.89	0.045176	77.565	0.065848	0.0024169	3.1597	0.31649	0.96205	1.7235	106.03	17.841	55.250	184.10	1.3646	12.739	0.012767
133.80	24.168	25.680	0.038941	-2.4178	-2.3237	75.756	17.974	68.863	446.77	0.045735	77.343	0.065724	0.0023991	3.1767	0.31479	0.95997	1.7207	105.98	17.864	55.532	184.07	1.3617	12.760	0.012809
133.90	24.278	25.651	0.038986	-2.4118	-2.3172	75.802	17.976	69.070	445.64	0.046299	77.122	0.065601	0.0023814	3.1939	0.31310	0.95787	1.7180	105.94	17.887	55.817	184.05	1.3588	12.780	0.012851
134.00	24.388	25.621	0.039031	-2.4058	-2.3106	75.848	17.979	69.280	444.51	0.046867	76.900	0.065477	0.0023636	3.2111	0.31142	0.95575	1.7152	105.89	17.910	56.106	184.02	1.3558	12.801	0.012893
134.10	24.498	25.591	0.039076	-2.3998	-2.3040	75.893	17.982	69.492	443.38	0.047441	76.679	0.065354	0.0023459	3.2284	0.30975	0.95362	1.7124	105.84	17.934	56.399	183.99	1.3529	12.823	0.012936
134.20	24.609	25.561	0.039121	-2.3937	-2.2974	75.939	17.984	69.706	442.25	0.048019	76.458	0.065230	0.0023283	3.2459	0.30808	0.95147	1.7096	105.80	17.958	56.695	183.97	1.3499	12.844	0.012979
134.30	24.720	25.532	0.039167	-2.3877	-2.2908	75.985	17.987	69.923	441.12	0.048602	76.236	0.065107	0.0023106	3.2634	0.30643	0.94930	1.7068	105.75	17.981	56.995	183.94	1.3470	12.865	0.013022
134.40	24.832	25.502	0.039213	-2.3816	-2.2842	76.031	17.990	70.143	439.98	0.049190	76.015	0.064983	0.0022930	3.2811	0.30478	0.94711	1.7039	105.71	18.005	57.299	183.91	1.3440	12.887	0.013066
134.50	24.944	25.471	0.039260	-2.3755	-2.2776	76.077	17.993	70.365	438.84	0.049782	75.794	0.064860	0.0022754	3.2988	0.30314	0.94490	1.7010	105.66	18.029	57.607	183.88	1.3411	12.908	0.013110
134.60	25.056	25.441	0.039306	-2.3694	-2.2709	76.124	17.997	70.590	437.69	0.050380	75.573	0.064737	0.0022579	3.3167	0.30150	0.94268	1.6981	105.61	18.054	57.919	183.85	1.3381	12.930	0.013154
134.70	25.169	25.411	0.039353	-2.3633	-2.2643	76.170	18.000	70.818	436.55	0.050983	75.352	0.064613	0.0022403	3.3347	0.29988	0.94044	1.6952	105.56	18.078	58.235	183.82	1.3351	12.952	0.013199
134.80	25.282	25.381	0.039400	-2.3572	-2.2576	76.216	18.003	71.049	435.40	0.051591	75.131	0.064490	0.0022228	3.3528	0.29826	0.93818	1.6922	105.52	18.103	58.556	183.80	1.3322	12.974	0.013245
134.90	25.395	25.350	0.039448	-2.3511	-2.2509	76.263	18.007	71.282	434.25	0.052205	74.910	0.064366	0.0022054	3.3710	0.29665	0.93590	1.6892	105.47	18.127	58.880	183.77	1.3292	12.996	0.013291
135.00	25.509	25.320	0.039495	-2.3449	-2.2442	76.309	18.011	71.519	433.10	0.052823	74.689	0.064243	0.0021879	3.3893	0.29505	0.93360	1.6862	105.42	18.152	59.209	183.74	1.3262	13.018	0.013337
135.10	25.623	25.289	0.039543	-2.3388	-2.2374	76.355	18.014	71.758	431.94	0.053447	74.468	0.064119	0.0021705	3.4077	0.29345	0.93128	1.6832	105.38	18.177	59.542	183.70	1.3232	13.040	0.013384
135.20	25.737	25.258	0.039591	-2.3326	-2.2307	76.402	18.018	72.001	430.78	0.054077	74.247	0.063996	0.0021531	3.4262	0.29187	0.92894	1.6801	105.33	18.203	59.880	183.67	1.3202	13.063	0.013431
135.30	25.852	25.227	0.039640	-2.3264	-2.2239	76.449	18.022	72.246	429.62	0.054712	74.027	0.063872	0.0021357	3.4449	0.29029	0.92658	1.6770	105.28	18.228	60.223	183.64	1.3172	13.085	0.013478
135.40	25.967	25.196	0.039689	-2.3202	-2.2172	76.495	18.026	72.495	428.46	0.055353	73.806	0.063749	0.0021184	3.4636	0.28871	0.92421	1.6739	105.23	18.254	60.570	183.61	1.3143	13.108	0.013526
135.50	26.083	25.165	0.039738	-2.3140	-2.2104	76.542	18.031	72.747	427.29	0.055999	73.585	0.063626	0.0021011	3.4825	0.28715	0.92181	1.6708	105.19	18.280	60.922	183.58	1.3112	13.131	0.013575
135.60	26.199	25.134	0.039787	-2.3078	-2.2035	76.589	18.035	73.003	426.13	0.056651	73.365	0.063502	0.0020838	3.5015	0.28559	0.91939	1.6676	105.14	18.306	61.279	183.54	1.3082	13.154	0.013624
135.70	26.315	25.102	0.039837	-2.3016	-2.1967	76.636	18.039	73.261	424.95	0.057309	73.144	0.063379	0.0020666	3.5206	0.28404	0.91695	1.6644	105.09	18.333	61.641	183.51	1.3052	13.177	0.013673
135.80	26.432	25.071	0.039887	-2.2953	-2.1899	76.683	18.044	73.523	423.78	0.057972	72.923	0.063255	0.0020493	3.5399	0.28250	0.91450	1.6612	105.04	18.359	62.008	183.48	1.3022	13.200	0.013723
135.90	26.549	25.039	0.039937	-2.2890	-2.1830	76.730	18.049	73.789	422.60	0.058642	72.703	0.063132	0.0020322	3.5592	0.28096	0.91202	1.6579	104.99	18.386	62.380	183.44	1.2992	13.223	0.013773
136.00	26.666	25.007	0.039988	-2.2828	-2.1761	76.777	18.053	74.058	421.42	0.059318	72.482	0.063008	0.0020150	3.5787	0.27943	0.90952	1.6547	104.94	18.413	62.757	183.41	1.2962	13.247	0.013824
136.10	26.784	24.976	0.040039	-2.2765	-2.1692	76.824	18.058	74.331	420.24	0.060000	72.262	0.062885	0.0019979	3.5983	0.27791	0.90699	1.6513	104.90	18.440	63.141	183.37	1.2931	13.270	0.013876
136.20	26.903	24.944	0.040090	-2.2702	-2.1623	76.872	18.063	74.608	419.06	0.060688	72.041	0.062761	0.0019808	3.6181	0.27639	0.90445	1.6480	104.85	18.468	63.529	183.34	1.2901	13.294	0.013928
136.30	27.021	24.911	0.040142	-2.2639	-2.1554	76.919	18.069	74.888	417.87	0.061382	71.821	0.062638	0.0019637	3.6379	0.27488	0.90189	1.6446	104.80	18.495	63.924	183.30	1.2870	13.318	0.013980
136.40	27.140	24.879	0.040194	-2.2575	-2.1484	76.967	18.074	75.172	416.68	0.062083	71.600	0.062514	0.0019466	3.6579	0.27338	0.89930	1.6413	104.75	18.523	64.324	183.26	1.2840	13.342	0.014033
136.50	27.259	24.847	0.040246	-2.2512	-2.1415	77.014	18.079	75.461	415.48	0.062790	71.379	0.062391	0.0019296	3.6780	0.27188	0.89669	1.6378	104.70	18.552	64.730	183.23	1.2809	13.366	0.014087
136.60	27.379	24.814	0.040299	-2.2448	-2.1345	77.062	18.085	75.753	414.29	0.063504	71.159	0.062267	0.0019126	3.6983	0.27040	0.89406	1.6344	104.65	18.580	65.142	183.19	1.2778	13.390	0.014141
136.70	27.499	24.782	0.040352	-2.2384	-2.1275	77.109	18.091	76.049	413.09	0.064225	70.938	0.062144	0.0018957	3.7187	0.26891	0.89141	1.6309	104.60	18.609	65.560	183.15	1.2748	13.415	0.014195
136.80	27.620	24.749	0.040405	-2.2320	-2.1204	77.157	18.097	76.350	411.88	0.064952	70.717	0.062020	0.0018787	3.7392	0.26744	0.88873	1.6274	104.55	18.638	65.985	183.11	1.2717	13.439	0.014251
136.90	27.741	24.716	0.040459	-2.2256	-2.1134	77.205	18.103	76.654	410.68	0.065686	70.497	0.061896	0.0018618	3.7598	0.26597	0.88603	1.6238	104.50	18.667	66.416	183.07	1.2686	13.464	0.014307
137.00	27.862	24.683	0.040513	-2.2192	-2.1063	77.253	18.109	76.964	409.47	0.066427	70.276	0.061773	0.0018450	3.7806	0.26451	0.88331	1.6203	104.45	18.697	66.854	183.03	1.2655	13.489	0.014363
137.10	27.983	24.650	0.040568	-2.2128	-2.0992	77.301	18.115	77.277	408.26	0.067176	70.055	0.061649	0.0018281	3.8016	0.26305	0.88056	1.6167	104.40	18.726	67.299	182.99	1.2624	13.514	0.014420
137.20	28.105	24.617	0.040622	-2.2063	-2.0921	77.350	18.121	77.595	407.05	0.067931	69.835	0.061526	0.0018113	3.8226	0.26160	0.87779	1.6130	104.36	18.756	67.751	182.95	1.2593	13.539	0.014478
137.30	28.228	24.584	0.040678	-2.1998	-2.0850	77.398	18.128	77.918	405.83	0.068694	69.614	0.061402	0.0017946	3.8438	0.26016	0.87500	1.6094	104.31	18.787	68.209	182.91	1.2562	13.565	0.014536
137.40	28.351	24.550	0.040733	-2.1933	-2.0779	77.446	18.135	78.246	404.61	0.069464	69.393	0.061278	0.0017778	3.8652	0.25872	0.87218	1.6057	104.25	18.817	68.676	182.87	1.2531	13.590	0.014595
137.50	28.474	24.516	0.040789	-2.1868	-2.0707	77.495	18.141	78.579	403.38	0.070241	69.172	0.061155	0.0017611	3.8867	0.25729	0.86934	1.6019	104.20	18.848	69.149	182.82	1.2499	13.616	0.014654
137.60	28.597	24.483	0.040845	-2.1803	-2.0635	77.543	18.148	78.916	402.16	0.071027	68.951	0.061031	0.0017444	3.9084	0.25586	0.86647	1.5982	104.15	18.880	69.630	182.78	1.2468	13.642	0.014714
137.70	28.721	24.449	0.040902	-2.1738	-2.0563	77.592	18.156	79.259	400.93	0.071820	68.730	0.060907	0.0017278	3.9302	0.25444	0.86357	1.5944	104.10	18.911	70.119	182.73	1.2436	13.668	0.014775
137.80	28.846	24.415	0.040959	-2.1672	-2.0491	77.641	18.163	79.607	399.69	0.072620	68.509	0.060783	0.0017112	3.9521	0.25303	0.86065	1.5905	104.05	18.943	70.616	182.69	1.2405	13.694	0.014837
137.90	28.970	24.380	0.041017	-2.1606	-2.0418	77.690	18.170	79.960	398.46	0.073429	68.288	0.060660	0.0016946	3.9742	0.25162	0.85771	1.5867	104.00	18.975	71.121	182.64	1.2373	13.720	0.014899
138.00	29.096	24.346	0.041075	-2.1541	-2.0345	77.739	18.178	80.319	397.21	0.074246	68.067	0.060536	0.0016781	3.9965	0.25022	0.85474	1.5828	103.95	19.008	71.635	182.60	1.2341	13.747	0.014962
138.10	29.221	24.311	0.041133	-2.1474	-2.0272	77.788	18.186	80.683	395.97	0.075071	67.845	0.060412	0.0016615	4.0189	0.24883	0.85174	1.5788	103.90	19.041	72.157	182.55	1.2310	13.773	0.015025
138.20	29.347	24.277	0.041192	-2.1408	-2.0199	77.837	18.194	81.053	394.72	0.075905	67.624	0.060288	0.0016451	4.0414	0.24744	0.84872	1.5749	103.85	19.074	72.687	182.50	1.2278	13.800	0.015090
138.30	29.473	24.242	0.041251	-2.1342	-2.0126	77.886	18.202	81.429	393.47	0.076746	67.403	0.060165	0.0016286	4.0642	0.24605	0.84567	1.5709	103.80	19.107	73.227	182.45	1.2246	13.827	0.015155
138.40	29.600	24.207	0.041311	-2.1275	-2.0052	77.936	18.210	81.811	392.22	0.077597	67.181	0.060041	0.0016122	4.0871	0.24467	0.84259	1.5668	103.75	19.141	73.776	182.40	1.2214	13.855	0.015221
138.50	29.727	24.172	0.041371	-2.1208	-1.9978	77.985	18.219	82.199	390.96	0.078456	66.959	0.059917	0.0015958	4.1101	0.24330	0.83948	1.5627	103.69	19.175	74.335	182.35	1.2181	13.882	0.015287
138.60	29.855	24.136	0.041431	-2.1141	-1.9904	78.035	18.227	82.593	389.70	0.079324	66.738	0.059793	0.0015794	4.1334	0.24193	0.83635	1.5586	103.64	19.210	74.903	182.30	1.2149	13.910	0.015355
138.70	29.983	24.101	0.041492	-2.1074	-1.9830	78.085	18.236	82.994	388.44	0.080202	66.516	0.059669	0.0015631	4.1567	0.24057	0.83319	1.5545	103.59	19.245	75.482	182.25	1.2117	13.938	0.015423
138.80	30.111	24.065	0.041554	-2.1007	-1.9755	78.135	18.245	83.401	387.17	0.081088	66.294	0.059545	0.0015468	4.1803	0.23922	0.83000	1.5503	103.54	19.280	76.070	182.20	1.2084	13.966	0.015492
138.90	30.240	24.029	0.041616	-2.0939	-1.9681	78.185	18.254	83.816	385.89	0.081984	66.072	0.059421	0.0015306	4.2041	0.23787	0.82678	1.5461	103.48	19.316	76.669	182.14	1.2052	13.994	0.015562
139.00	30.369	23.993	0.041678	-2.0871	-1.9605	78.235	18.264	84.237	384.62	0.082889	65.850	0.059297	0.0015144	4.2280	0.23652	0.82353	1.5418	103.43	19.352	77.279	182.09	1.2019	14.022	0.015633
139.10	30.498	23.957	0.041741	-2.0803	-1.9530	78.285	18.273	84.665	383.34	0.083804	65.628	0.059173	0.0014982	4.2521	0.23518	0.82025	1.5375	103.38	19.389	77.900	182.04	1.1986	14.051	0.015704
139.20	30.628	23.921	0.041805	-2.0735	-1.9455	78.336	18.283	85.101	382.05	0.084729	65.405	0.059049	0.0014821	4.2763	0.23385	0.81694	1.5332	103.33	19.425	78.532	181.98	1.1953	14.080	0.015777
139.30	30.758	23.884	0.041869	-2.0666	-1.9379	78.386	18.293	85.544	380.76	0.085663	65.183	0.058925	0.0014659	4.3008	0.23252	0.81360	1.5288	103.27	19.463	79.176	181.92	1.1920	14.109	0.015850
139.40	30.889	23.848	0.041933	-2.0598	-1.9303	78.437	18.303	85.994	379.47	0.086608	64.960	0.058801	0.0014499	4.3254	0.23119	0.81023	1.5244	103.22	19.500	79.831	181.87	1.1887	14.138	0.015924
139.50	31.020	23.811	0.041998	-2.0529	-1.9226	78.488	18.314	86.453	378.18	0.087564	64.737	0.058677	0.0014338	4.3502	0.22987	0.80682	1.5199	103.17	19.539	80.499	181.81	1.1854	14.168	0.016000
139.60	31.152	23.774	0.042063	-2.0460	-1.9150	78.539	18.324	86.920	376.87	0.088529	64.514	0.058553	0.0014178	4.3753	0.22856	0.80339	1.5154	103.11	19.577	81.180	181.75	1.1821	14.197	0.016076
139.70	31.284	23.736	0.042129	-2.0391	-1.9073	78.590	18.335	87.395	375.57	0.089506	64.291	0.058429	0.0014019	4.4005	0.22725	0.79992	1.5108	103.06	19.616	81.874	181.69	1.1787	14.227	0.016153
139.80	31.416	23.699	0.042196	-2.0321	-1.8995	78.641	18.347	87.878	374.26	0.090493	64.068	0.058305	0.0013859	4.4259	0.22594	0.79642	1.5063	103.00	19.656	82.581	181.63	1.1754	14.257	0.016231
139.90	31.549	23.661	0.042263	-2.0251	-1.8918	78.692	18.358	88.371	372.95	0.091491	63.844	0.058181	0.0013700	4.4515	0.22464	0.79289	1.5016	102.95	19.696	83.301	181.56	1.1720	14.288	0.016310
140.00	31.682	23.623	0.042331	-2.0181	-1.8840	78.744	18.370	88.872	371.63	0.092501	63.621	0.058057	0.0013542	4.4773	0.22335	0.78932	1.4969	102.89	19.736	84.036	181.50	1.1686	14.318	0.016390
