Temperature (K)	Pressure (bar)	Density (l, g/ml)	Volume (l, ml/g)	Internal Energy (l, kJ/kg)	Enthalpy (l, kJ/kg)	Entropy (l, J/g*K)	Cv (l, J/g*K)	Cp (l, J/g*K)	Sound Spd. (l, m/s)	Joule-Thomson (l, K/bar)	Viscosity (l, uPa*s)	Therm. Cond. (l, W/m*K)	Surf. Tension (l, N/m)	Density (v, g/ml)	Volume (v, ml/g)	Internal Energy (v, kJ/kg)	Enthalpy (v, kJ/kg)	Entropy (v, J/g*K)	Cv (v, J/g*K)	Cp (v, J/g*K)	Sound Spd. (v, m/s)	Joule-Thomson (v, K/bar)	Viscosity (v, uPa*s)	Therm. Cond. (v, W/m*K)
85.000	0.78897	1.4095	0.70947	-120.16	-120.10	1.3452	0.54480	1.1157	854.24	-0.040120	279.46	0.13191	0.013106	0.0045907	217.83	25.564	42.750	3.2611	0.32580	0.55848	169.08	3.4706	6.9622	0.0054485
85.100	0.79783	1.4089	0.70977	-120.04	-119.99	1.3465	0.54441	1.1158	853.55	-0.040087	278.59	0.13176	0.013081	0.0046379	215.61	25.587	42.789	3.2593	0.32589	0.55878	169.16	3.4624	6.9711	0.0054560
85.200	0.80677	1.4083	0.71008	-119.93	-119.88	1.3479	0.54402	1.1158	852.87	-0.040053	277.72	0.13161	0.013056	0.0046855	213.42	25.609	42.827	3.2575	0.32598	0.55908	169.24	3.4542	6.9801	0.0054636
85.300	0.81578	1.4077	0.71039	-119.82	-119.76	1.3492	0.54363	1.1158	852.18	-0.040018	276.86	0.13147	0.013031	0.0047335	211.26	25.631	42.866	3.2557	0.32608	0.55939	169.32	3.4461	6.9890	0.0054711
85.400	0.82488	1.4071	0.71070	-119.71	-119.65	1.3505	0.54324	1.1159	851.49	-0.039983	276.00	0.13132	0.013006	0.0047818	209.13	25.654	42.904	3.2539	0.32617	0.55969	169.40	3.4380	6.9980	0.0054787
85.500	0.83405	1.4065	0.71101	-119.60	-119.54	1.3518	0.54285	1.1159	850.80	-0.039948	275.14	0.13117	0.012981	0.0048305	207.02	25.676	42.943	3.2522	0.32627	0.56000	169.48	3.4299	7.0069	0.0054862
85.600	0.84330	1.4058	0.71132	-119.49	-119.43	1.3531	0.54247	1.1160	850.11	-0.039913	274.29	0.13102	0.012956	0.0048795	204.94	25.698	42.981	3.2504	0.32636	0.56031	169.56	3.4219	7.0158	0.0054938
85.700	0.85263	1.4052	0.71162	-119.38	-119.32	1.3544	0.54208	1.1160	849.42	-0.039877	273.44	0.13088	0.012931	0.0049289	202.88	25.721	43.019	3.2486	0.32646	0.56062	169.64	3.4139	7.0248	0.0055014
85.800	0.86204	1.4046	0.71193	-119.27	-119.20	1.3557	0.54170	1.1161	848.73	-0.039842	272.59	0.13073	0.012906	0.0049787	200.85	25.743	43.057	3.2468	0.32655	0.56093	169.71	3.4059	7.0337	0.0055090
85.900	0.87153	1.4040	0.71225	-119.15	-119.09	1.3570	0.54132	1.1161	848.04	-0.039805	271.75	0.13058	0.012882	0.0050289	198.85	25.765	43.095	3.2451	0.32665	0.56124	169.79	3.3980	7.0427	0.0055166
86.000	0.88110	1.4034	0.71256	-119.04	-118.98	1.3583	0.54094	1.1162	847.35	-0.039769	270.91	0.13043	0.012857	0.0050795	196.87	25.787	43.133	3.2433	0.32674	0.56156	169.87	3.3901	7.0516	0.0055242
86.100	0.89075	1.4028	0.71287	-118.93	-118.87	1.3596	0.54056	1.1162	846.66	-0.039732	270.07	0.13029	0.012832	0.0051305	194.91	25.809	43.171	3.2415	0.32684	0.56187	169.95	3.3822	7.0606	0.0055318
86.200	0.90048	1.4022	0.71318	-118.82	-118.76	1.3609	0.54019	1.1163	845.97	-0.039695	269.24	0.13014	0.012807	0.0051818	192.98	25.831	43.209	3.2398	0.32694	0.56219	170.02	3.3744	7.0696	0.0055394
86.300	0.91029	1.4016	0.71349	-118.71	-118.64	1.3621	0.53981	1.1164	845.28	-0.039657	268.41	0.12999	0.012782	0.0052335	191.08	25.853	43.246	3.2380	0.32704	0.56251	170.10	3.3665	7.0785	0.0055470
86.400	0.92019	1.4009	0.71380	-118.60	-118.53	1.3634	0.53944	1.1164	844.59	-0.039619	267.58	0.12985	0.012757	0.0052856	189.19	25.875	43.284	3.2363	0.32714	0.56284	170.18	3.3588	7.0875	0.0055547
86.500	0.93017	1.4003	0.71412	-118.49	-118.42	1.3647	0.53906	1.1165	843.90	-0.039581	266.76	0.12970	0.012733	0.0053381	187.33	25.896	43.321	3.2346	0.32723	0.56316	170.26	3.3510	7.0965	0.0055623
86.600	0.94023	1.3997	0.71443	-118.37	-118.31	1.3660	0.53869	1.1166	843.20	-0.039543	265.94	0.12955	0.012708	0.0053910	185.49	25.918	43.359	3.2328	0.32733	0.56349	170.33	3.3433	7.1055	0.0055699
86.700	0.95037	1.3991	0.71474	-118.26	-118.20	1.3673	0.53832	1.1167	842.51	-0.039504	265.13	0.12940	0.012683	0.0054443	183.68	25.940	43.396	3.2311	0.32743	0.56382	170.41	3.3356	7.1144	0.0055776
86.800	0.96060	1.3985	0.71506	-118.15	-118.08	1.3686	0.53795	1.1168	841.82	-0.039465	264.32	0.12926	0.012658	0.0054980	181.89	25.961	43.433	3.2294	0.32753	0.56415	170.48	3.3279	7.1234	0.0055853
86.900	0.97091	1.3979	0.71537	-118.04	-117.97	1.3699	0.53758	1.1169	841.12	-0.039426	263.51	0.12911	0.012633	0.0055520	180.11	25.983	43.470	3.2276	0.32763	0.56448	170.56	3.3203	7.1324	0.0055929
87.000	0.98131	1.3973	0.71569	-117.93	-117.86	1.3711	0.53722	1.1169	840.43	-0.039386	262.70	0.12896	0.012609	0.0056065	178.36	26.004	43.507	3.2259	0.32773	0.56481	170.64	3.3127	7.1414	0.0056006
87.100	0.99180	1.3966	0.71600	-117.82	-117.75	1.3724	0.53685	1.1170	839.74	-0.039346	261.90	0.12882	0.012584	0.0056614	176.63	26.025	43.544	3.2242	0.32783	0.56515	170.71	3.3051	7.1504	0.0056083
87.200	1.0024	1.3960	0.71632	-117.71	-117.63	1.3737	0.53649	1.1171	839.04	-0.039306	261.10	0.12867	0.012559	0.0057167	174.93	26.047	43.581	3.2225	0.32794	0.56548	170.79	3.2976	7.1594	0.0056160
87.300	1.0130	1.3954	0.71664	-117.59	-117.52	1.3750	0.53613	1.1172	838.35	-0.039266	260.31	0.12852	0.012535	0.0057724	173.24	26.068	43.618	3.2208	0.32804	0.56582	170.86	3.2901	7.1684	0.0056237
87.400	1.0238	1.3948	0.71695	-117.48	-117.41	1.3763	0.53576	1.1174	837.65	-0.039225	259.52	0.12838	0.012510	0.0058285	171.57	26.089	43.654	3.2191	0.32814	0.56616	170.94	3.2826	7.1774	0.0056314
87.500	1.0346	1.3942	0.71727	-117.37	-117.30	1.3775	0.53540	1.1175	836.96	-0.039184	258.73	0.12823	0.012485	0.0058850	169.92	26.110	43.691	3.2174	0.32824	0.56650	171.01	3.2752	7.1864	0.0056391
87.600	1.0455	1.3936	0.71759	-117.26	-117.19	1.3788	0.53505	1.1176	836.26	-0.039142	257.94	0.12808	0.012460	0.0059419	168.30	26.132	43.727	3.2157	0.32835	0.56685	171.09	3.2677	7.1954	0.0056468
87.700	1.0565	1.3929	0.71791	-117.15	-117.07	1.3801	0.53469	1.1177	835.56	-0.039100	257.16	0.12794	0.012436	0.0059992	166.69	26.153	43.763	3.2140	0.32845	0.56719	171.16	3.2604	7.2044	0.0056546
87.800	1.0676	1.3923	0.71823	-117.04	-116.96	1.3813	0.53433	1.1178	834.87	-0.039058	256.38	0.12779	0.012411	0.0060569	165.10	26.173	43.800	3.2123	0.32855	0.56754	171.24	3.2530	7.2134	0.0056623
87.900	1.0788	1.3917	0.71854	-116.93	-116.85	1.3826	0.53398	1.1179	834.17	-0.039016	255.61	0.12764	0.012386	0.0061151	163.53	26.194	43.836	3.2106	0.32866	0.56789	171.31	3.2457	7.2224	0.0056701
88.000	1.0901	1.3911	0.71886	-116.81	-116.74	1.3839	0.53362	1.1181	833.47	-0.038973	254.84	0.12750	0.012362	0.0061737	161.98	26.215	43.872	3.2090	0.32876	0.56824	171.39	3.2383	7.2315	0.0056778
88.100	1.1014	1.3905	0.71918	-116.70	-116.62	1.3851	0.53327	1.1182	832.78	-0.038930	254.07	0.12735	0.012337	0.0062327	160.44	26.236	43.908	3.2073	0.32887	0.56860	171.46	3.2311	7.2405	0.0056856
88.200	1.1129	1.3898	0.71951	-116.59	-116.51	1.3864	0.53292	1.1183	832.08	-0.038887	253.30	0.12720	0.012312	0.0062921	158.93	26.257	43.944	3.2056	0.32897	0.56895	171.53	3.2238	7.2495	0.0056934
88.300	1.1244	1.3892	0.71983	-116.48	-116.40	1.3877	0.53257	1.1184	831.38	-0.038843	252.54	0.12706	0.012288	0.0063519	157.43	26.277	43.979	3.2040	0.32908	0.56931	171.61	3.2166	7.2586	0.0057011
88.400	1.1361	1.3886	0.72015	-116.37	-116.29	1.3889	0.53222	1.1186	830.68	-0.038799	251.78	0.12691	0.012263	0.0064122	155.95	26.298	44.015	3.2023	0.32919	0.56967	171.68	3.2094	7.2676	0.0057089
88.500	1.1478	1.3880	0.72047	-116.26	-116.17	1.3902	0.53187	1.1187	829.98	-0.038755	251.02	0.12677	0.012239	0.0064729	154.49	26.318	44.051	3.2007	0.32929	0.57003	171.75	3.2022	7.2766	0.0057167
88.600	1.1596	1.3874	0.72079	-116.15	-116.06	1.3915	0.53152	1.1189	829.28	-0.038711	250.27	0.12662	0.012214	0.0065340	153.04	26.339	44.086	3.1990	0.32940	0.57040	171.83	3.1951	7.2857	0.0057245
88.700	1.1715	1.3867	0.72112	-116.03	-115.95	1.3927	0.53117	1.1190	828.58	-0.038666	249.52	0.12647	0.012189	0.0065956	151.62	26.359	44.121	3.1974	0.32951	0.57076	171.90	3.1880	7.2947	0.0057324
88.800	1.1835	1.3861	0.72144	-115.92	-115.84	1.3940	0.53083	1.1192	827.88	-0.038621	248.77	0.12633	0.012165	0.0066576	150.20	26.380	44.157	3.1957	0.32961	0.57113	171.97	3.1809	7.3038	0.0057402
88.900	1.1956	1.3855	0.72176	-115.81	-115.73	1.3952	0.53048	1.1193	827.18	-0.038575	248.03	0.12618	0.012140	0.0067200	148.81	26.400	44.192	3.1941	0.32972	0.57150	172.04	3.1738	7.3128	0.0057480
89.000	1.2078	1.3849	0.72209	-115.70	-115.61	1.3965	0.53014	1.1195	826.48	-0.038530	247.29	0.12604	0.012116	0.0067829	147.43	26.420	44.227	3.1924	0.32983	0.57187	172.12	3.1668	7.3219	0.0057559
89.100	1.2201	1.3843	0.72241	-115.59	-115.50	1.3977	0.52980	1.1196	825.78	-0.038484	246.55	0.12589	0.012091	0.0068462	146.07	26.440	44.262	3.1908	0.32994	0.57224	172.19	3.1598	7.3310	0.0057637
89.200	1.2325	1.3836	0.72274	-115.48	-115.39	1.3990	0.52946	1.1198	825.08	-0.038437	245.82	0.12574	0.012067	0.0069100	144.72	26.460	44.297	3.1892	0.33005	0.57262	172.26	3.1528	7.3400	0.0057716
89.300	1.2450	1.3830	0.72306	-115.37	-115.28	1.4002	0.52912	1.1199	824.38	-0.038391	245.08	0.12560	0.012042	0.0069742	143.39	26.480	44.332	3.1875	0.33016	0.57299	172.33	3.1458	7.3491	0.0057795
89.400	1.2576	1.3824	0.72339	-115.25	-115.16	1.4015	0.52878	1.1201	823.67	-0.038344	244.35	0.12545	0.012018	0.0070388	142.07	26.500	44.366	3.1859	0.33027	0.57337	172.40	3.1389	7.3582	0.0057873
89.500	1.2702	1.3818	0.72372	-115.14	-115.05	1.4027	0.52844	1.1203	822.97	-0.038296	243.63	0.12531	0.011993	0.0071039	140.77	26.520	44.401	3.1843	0.33038	0.57375	172.47	3.1320	7.3673	0.0057952
89.600	1.2830	1.3811	0.72404	-115.03	-114.94	1.4040	0.52810	1.1205	822.27	-0.038249	242.91	0.12516	0.011969	0.0071694	139.48	26.540	44.435	3.1827	0.33049	0.57414	172.55	3.1251	7.3763	0.0058031
89.700	1.2959	1.3805	0.72437	-114.92	-114.82	1.4052	0.52777	1.1206	821.56	-0.038201	242.19	0.12502	0.011944	0.0072354	138.21	26.560	44.470	3.1811	0.33061	0.57452	172.62	3.1183	7.3854	0.0058110
89.800	1.3088	1.3799	0.72470	-114.81	-114.71	1.4065	0.52743	1.1208	820.86	-0.038153	241.47	0.12487	0.011920	0.0073019	136.95	26.579	44.504	3.1795	0.33072	0.57491	172.69	3.1115	7.3945	0.0058189
89.900	1.3219	1.3793	0.72503	-114.70	-114.60	1.4077	0.52710	1.1210	820.16	-0.038104	240.75	0.12472	0.011895	0.0073688	135.71	26.599	44.538	3.1779	0.33083	0.57530	172.76	3.1047	7.4036	0.0058269
90.000	1.3351	1.3786	0.72536	-114.58	-114.49	1.4090	0.52677	1.1212	819.45	-0.038056	240.04	0.12458	0.011871	0.0074362	134.48	26.619	44.572	3.1763	0.33094	0.57569	172.83	3.0979	7.4127	0.0058348
90.100	1.3483	1.3780	0.72569	-114.47	-114.37	1.4102	0.52643	1.1214	818.75	-0.038006	239.33	0.12443	0.011846	0.0075040	133.26	26.638	44.606	3.1747	0.33106	0.57608	172.90	3.0911	7.4218	0.0058428
90.200	1.3617	1.3774	0.72602	-114.36	-114.26	1.4114	0.52610	1.1216	818.04	-0.037957	238.63	0.12429	0.011822	0.0075723	132.06	26.657	44.640	3.1731	0.33117	0.57648	172.97	3.0844	7.4309	0.0058507
90.300	1.3752	1.3767	0.72635	-114.25	-114.15	1.4127	0.52577	1.1217	817.34	-0.037907	237.93	0.12414	0.011797	0.0076410	130.87	26.677	44.674	3.1715	0.33129	0.57688	173.04	3.0777	7.4400	0.0058587
90.400	1.3887	1.3761	0.72668	-114.14	-114.04	1.4139	0.52545	1.1219	816.63	-0.037857	237.23	0.12400	0.011773	0.0077102	129.70	26.696	44.707	3.1699	0.33140	0.57728	173.11	3.0710	7.4491	0.0058666
90.500	1.4024	1.3755	0.72701	-114.03	-113.92	1.4151	0.52512	1.1221	815.92	-0.037807	236.53	0.12385	0.011749	0.0077799	128.54	26.715	44.741	3.1683	0.33152	0.57768	173.18	3.0644	7.4583	0.0058746
90.600	1.4162	1.3749	0.72735	-113.91	-113.81	1.4164	0.52479	1.1223	815.22	-0.037756	235.84	0.12371	0.011724	0.0078501	127.39	26.734	44.774	3.1668	0.33163	0.57808	173.25	3.0577	7.4674	0.0058826
90.700	1.4300	1.3742	0.72768	-113.80	-113.70	1.4176	0.52446	1.1225	814.51	-0.037705	235.14	0.12356	0.011700	0.0079207	126.25	26.753	44.808	3.1652	0.33175	0.57849	173.32	3.0511	7.4765	0.0058906
90.800	1.4440	1.3736	0.72801	-113.69	-113.58	1.4188	0.52414	1.1228	813.80	-0.037654	234.46	0.12342	0.011675	0.0079918	125.13	26.772	44.841	3.1636	0.33186	0.57890	173.38	3.0446	7.4857	0.0058986
90.900	1.4581	1.3730	0.72835	-113.58	-113.47	1.4201	0.52382	1.1230	813.09	-0.037602	233.77	0.12327	0.011651	0.0080634	124.02	26.791	44.874	3.1621	0.33198	0.57931	173.45	3.0380	7.4948	0.0059067
91.000	1.4723	1.3723	0.72868	-113.47	-113.36	1.4213	0.52349	1.1232	812.39	-0.037551	233.09	0.12313	0.011627	0.0081355	122.92	26.810	44.907	3.1605	0.33210	0.57972	173.52	3.0315	7.5039	0.0059147
91.100	1.4865	1.3717	0.72902	-113.35	-113.25	1.4225	0.52317	1.1234	811.68	-0.037498	232.41	0.12298	0.011602	0.0082080	121.83	26.829	44.940	3.1589	0.33222	0.58013	173.59	3.0250	7.5131	0.0059227
91.200	1.5009	1.3711	0.72935	-113.24	-113.13	1.4238	0.52285	1.1236	810.97	-0.037446	231.73	0.12284	0.011578	0.0082810	120.76	26.848	44.973	3.1574	0.33233	0.58055	173.66	3.0185	7.5222	0.0059308
91.300	1.5154	1.3704	0.72969	-113.13	-113.02	1.4250	0.52253	1.1238	810.26	-0.037393	231.05	0.12269	0.011554	0.0083545	119.70	26.866	45.005	3.1558	0.33245	0.58097	173.73	3.0120	7.5314	0.0059389
91.400	1.5300	1.3698	0.73003	-113.02	-112.91	1.4262	0.52221	1.1241	809.55	-0.037340	230.38	0.12255	0.011529	0.0084285	118.64	26.885	45.038	3.1543	0.33257	0.58139	173.79	3.0056	7.5405	0.0059469
91.500	1.5447	1.3692	0.73036	-112.91	-112.79	1.4274	0.52189	1.1243	808.84	-0.037286	229.71	0.12240	0.011505	0.0085030	117.61	26.904	45.070	3.1527	0.33269	0.58181	173.86	2.9992	7.5497	0.0059550
91.600	1.5596	1.3685	0.73070	-112.80	-112.68	1.4287	0.52157	1.1245	808.13	-0.037233	229.04	0.12226	0.011481	0.0085780	116.58	26.922	45.103	3.1512	0.33281	0.58224	173.93	2.9928	7.5589	0.0059631
91.700	1.5745	1.3679	0.73104	-112.68	-112.57	1.4299	0.52126	1.1248	807.42	-0.037179	228.38	0.12211	0.011457	0.0086535	115.56	26.940	45.135	3.1497	0.33293	0.58266	174.00	2.9864	7.5681	0.0059712
91.800	1.5895	1.3673	0.73138	-112.57	-112.45	1.4311	0.52094	1.1250	806.71	-0.037124	227.72	0.12197	0.011432	0.0087294	114.55	26.959	45.167	3.1481	0.33305	0.58309	174.06	2.9801	7.5772	0.0059793
91.900	1.6046	1.3666	0.73172	-112.46	-112.34	1.4323	0.52062	1.1252	805.99	-0.037070	227.06	0.12182	0.011408	0.0088059	113.56	26.977	45.199	3.1466	0.33317	0.58353	174.13	2.9737	7.5864	0.0059875
92.000	1.6199	1.3660	0.73206	-112.35	-112.23	1.4335	0.52031	1.1255	805.28	-0.037015	226.40	0.12168	0.011384	0.0088829	112.58	26.995	45.231	3.1451	0.33329	0.58396	174.20	2.9674	7.5956	0.0059956
92.100	1.6353	1.3654	0.73240	-112.24	-112.12	1.4348	0.52000	1.1257	804.57	-0.036959	225.75	0.12153	0.011359	0.0089603	111.60	27.013	45.263	3.1435	0.33342	0.58440	174.26	2.9612	7.6048	0.0060038
92.200	1.6507	1.3647	0.73274	-112.12	-112.00	1.4360	0.51968	1.1260	803.86	-0.036904	225.10	0.12139	0.011335	0.0090383	110.64	27.031	45.295	3.1420	0.33354	0.58483	174.33	2.9549	7.6140	0.0060119
92.300	1.6663	1.3641	0.73308	-112.01	-111.89	1.4372	0.51937	1.1262	803.14	-0.036848	224.45	0.12124	0.011311	0.0091168	109.69	27.049	45.326	3.1405	0.33366	0.58528	174.40	2.9487	7.6232	0.0060201
92.400	1.6820	1.3635	0.73342	-111.90	-111.78	1.4384	0.51906	1.1265	802.43	-0.036791	223.80	0.12110	0.011287	0.0091958	108.75	27.067	45.358	3.1390	0.33379	0.58572	174.46	2.9425	7.6324	0.0060283
92.500	1.6978	1.3628	0.73376	-111.79	-111.66	1.4396	0.51875	1.1267	801.71	-0.036735	223.16	0.12096	0.011263	0.0092753	107.81	27.085	45.389	3.1375	0.33391	0.58616	174.53	2.9363	7.6416	0.0060365
92.600	1.7137	1.3622	0.73411	-111.67	-111.55	1.4408	0.51844	1.1270	801.00	-0.036678	222.52	0.12081	0.011238	0.0093553	106.89	27.103	45.420	3.1360	0.33403	0.58661	174.59	2.9301	7.6508	0.0060447
92.700	1.7297	1.3616	0.73445	-111.56	-111.44	1.4420	0.51813	1.1272	800.28	-0.036621	221.88	0.12067	0.011214	0.0094358	105.98	27.120	45.452	3.1345	0.33416	0.58706	174.66	2.9240	7.6601	0.0060529
92.800	1.7459	1.3609	0.73480	-111.45	-111.32	1.4433	0.51783	1.1275	799.57	-0.036563	221.24	0.12052	0.011190	0.0095169	105.08	27.138	45.483	3.1330	0.33428	0.58751	174.72	2.9178	7.6693	0.0060611
92.900	1.7621	1.3603	0.73514	-111.34	-111.21	1.4445	0.51752	1.1278	798.85	-0.036505	220.61	0.12038	0.011166	0.0095984	104.18	27.155	45.514	3.1315	0.33441	0.58797	174.79	2.9117	7.6785	0.0060694
93.000	1.7785	1.3596	0.73549	-111.23	-111.10	1.4457	0.51721	1.1280	798.14	-0.036447	219.98	0.12023	0.011142	0.0096805	103.30	27.173	45.544	3.1300	0.33454	0.58843	174.85	2.9056	7.6877	0.0060776
93.100	1.7950	1.3590	0.73583	-111.11	-110.98	1.4469	0.51691	1.1283	797.42	-0.036388	219.35	0.12009	0.011118	0.0097631	102.43	27.190	45.575	3.1285	0.33466	0.58888	174.92	2.8996	7.6970	0.0060859
93.200	1.8115	1.3584	0.73618	-111.00	-110.87	1.4481	0.51661	1.1286	796.70	-0.036329	218.73	0.11995	0.011094	0.0098462	101.56	27.207	45.606	3.1270	0.33479	0.58935	174.98	2.8935	7.7062	0.0060942
93.300	1.8283	1.3577	0.73653	-110.89	-110.75	1.4493	0.51630	1.1289	795.99	-0.036270	218.10	0.11980	0.011069	0.0099299	100.71	27.225	45.636	3.1255	0.33492	0.58981	175.05	2.8875	7.7155	0.0061024
93.400	1.8451	1.3571	0.73687	-110.78	-110.64	1.4505	0.51600	1.1291	795.27	-0.036211	217.48	0.11966	0.011045	0.010014	99.859	27.242	45.667	3.1240	0.33504	0.59028	175.11	2.8815	7.7247	0.0061107
93.500	1.8620	1.3564	0.73722	-110.66	-110.53	1.4517	0.51570	1.1294	794.55	-0.036151	216.86	0.11951	0.011021	0.010099	99.021	27.259	45.697	3.1225	0.33517	0.59075	175.17	2.8755	7.7340	0.0061190
93.600	1.8791	1.3558	0.73757	-110.55	-110.41	1.4529	0.51540	1.1297	793.83	-0.036091	216.25	0.11937	0.010997	0.010184	98.192	27.276	45.727	3.1211	0.33530	0.59122	175.24	2.8696	7.7433	0.0061274
93.700	1.8963	1.3552	0.73792	-110.44	-110.30	1.4541	0.51510	1.1300	793.11	-0.036030	215.63	0.11923	0.010973	0.010270	97.372	27.293	45.757	3.1196	0.33543	0.59169	175.30	2.8637	7.7525	0.0061357
93.800	1.9136	1.3545	0.73827	-110.33	-110.19	1.4553	0.51480	1.1303	792.39	-0.035970	215.02	0.11908	0.010949	0.010356	96.560	27.310	45.787	3.1181	0.33556	0.59217	175.36	2.8577	7.7618	0.0061440
93.900	1.9310	1.3539	0.73862	-110.22	-110.07	1.4565	0.51450	1.1306	791.67	-0.035908	214.41	0.11894	0.010925	0.010443	95.757	27.326	45.817	3.1167	0.33569	0.59264	175.43	2.8518	7.7711	0.0061524
94.000	1.9485	1.3532	0.73897	-110.10	-109.96	1.4577	0.51420	1.1309	790.95	-0.035847	213.80	0.11879	0.010901	0.010531	94.962	27.343	45.846	3.1152	0.33582	0.59312	175.49	2.8460	7.7804	0.0061608
94.100	1.9661	1.3526	0.73932	-109.99	-109.85	1.4589	0.51390	1.1312	790.23	-0.035785	213.20	0.11865	0.010877	0.010618	94.175	27.360	45.876	3.1137	0.33595	0.59361	175.55	2.8401	7.7897	0.0061692
94.200	1.9839	1.3519	0.73968	-109.88	-109.73	1.4601	0.51361	1.1315	789.51	-0.035723	212.60	0.11851	0.010853	0.010707	93.397	27.376	45.905	3.1123	0.33608	0.59409	175.61	2.8343	7.7990	0.0061776
94.300	2.0018	1.3513	0.74003	-109.77	-109.62	1.4613	0.51331	1.1318	788.79	-0.035661	212.00	0.11836	0.010829	0.010796	92.626	27.393	45.935	3.1108	0.33621	0.59458	175.68	2.8285	7.8083	0.0061860
94.400	2.0198	1.3507	0.74038	-109.65	-109.50	1.4625	0.51302	1.1321	788.07	-0.035598	211.40	0.11822	0.010805	0.010886	91.864	27.409	45.964	3.1094	0.33635	0.59507	175.74	2.8227	7.8176	0.0061944
94.500	2.0380	1.3500	0.74074	-109.54	-109.39	1.4637	0.51272	1.1324	787.34	-0.035535	210.81	0.11808	0.010781	0.010976	91.109	27.425	45.993	3.1079	0.33648	0.59557	175.80	2.8169	7.8269	0.0062028
94.600	2.0562	1.3494	0.74109	-109.43	-109.28	1.4649	0.51243	1.1327	786.62	-0.035471	210.21	0.11793	0.010757	0.011067	90.362	27.442	46.022	3.1065	0.33661	0.59606	175.86	2.8111	7.8362	0.0062113
94.700	2.0746	1.3487	0.74145	-109.32	-109.16	1.4660	0.51214	1.1330	785.90	-0.035408	209.62	0.11779	0.010733	0.011158	89.623	27.458	46.051	3.1050	0.33675	0.59656	175.92	2.8054	7.8456	0.0062197
94.800	2.0931	1.3481	0.74180	-109.20	-109.05	1.4672	0.51184	1.1333	785.17	-0.035344	209.03	0.11765	0.010709	0.011250	88.891	27.474	46.080	3.1036	0.33688	0.59706	175.99	2.7997	7.8549	0.0062282
94.900	2.1117	1.3474	0.74216	-109.09	-108.93	1.4684	0.51155	1.1337	784.45	-0.035279	208.45	0.11750	0.010685	0.011342	88.167	27.490	46.108	3.1022	0.33702	0.59756	176.05	2.7940	7.8642	0.0062367
95.000	2.1305	1.3468	0.74252	-108.98	-108.82	1.4696	0.51126	1.1340	783.72	-0.035214	207.87	0.11736	0.010661	0.011435	87.450	27.506	46.137	3.1007	0.33715	0.59807	176.11	2.7883	7.8736	0.0062452
95.100	2.1493	1.3461	0.74287	-108.86	-108.71	1.4708	0.51097	1.1343	783.00	-0.035149	207.28	0.11722	0.010637	0.011529	86.740	27.522	46.165	3.0993	0.33729	0.59858	176.17	2.7826	7.8829	0.0062537
95.200	2.1683	1.3455	0.74323	-108.75	-108.59	1.4720	0.51068	1.1346	782.27	-0.035084	206.70	0.11707	0.010613	0.011623	86.038	27.537	46.193	3.0979	0.33742	0.59909	176.23	2.7770	7.8923	0.0062622
95.300	2.1875	1.3448	0.74359	-108.64	-108.48	1.4732	0.51040	1.1350	781.55	-0.035018	206.13	0.11693	0.010589	0.011717	85.343	27.553	46.221	3.0964	0.33756	0.59960	176.29	2.7713	7.9016	0.0062707
95.400	2.2067	1.3442	0.74395	-108.53	-108.36	1.4743	0.51011	1.1353	780.82	-0.034952	205.55	0.11679	0.010565	0.011813	84.654	27.569	46.249	3.0950	0.33770	0.60012	176.35	2.7657	7.9110	0.0062793
95.500	2.2261	1.3435	0.74431	-108.41	-108.25	1.4755	0.50982	1.1357	780.09	-0.034885	204.98	0.11664	0.010542	0.011909	83.973	27.584	46.277	3.0936	0.33783	0.60064	176.41	2.7602	7.9204	0.0062879
95.600	2.2456	1.3429	0.74467	-108.30	-108.13	1.4767	0.50954	1.1360	779.37	-0.034819	204.41	0.11650	0.010518	0.012005	83.299	27.600	46.305	3.0922	0.33797	0.60116	176.47	2.7546	7.9298	0.0062964
95.700	2.2652	1.3422	0.74503	-108.19	-108.02	1.4779	0.50925	1.1363	778.64	-0.034751	203.84	0.11636	0.010494	0.012102	82.631	27.615	46.333	3.0908	0.33811	0.60168	176.53	2.7490	7.9391	0.0063050
95.800	2.2850	1.3416	0.74540	-108.08	-107.90	1.4791	0.50897	1.1367	777.91	-0.034684	203.28	0.11621	0.010470	0.012200	81.970	27.630	46.360	3.0894	0.33825	0.60221	176.59	2.7435	7.9485	0.0063136
95.900	2.3049	1.3409	0.74576	-107.96	-107.79	1.4803	0.50868	1.1370	777.18	-0.034616	202.71	0.11607	0.010446	0.012298	81.315	27.645	46.388	3.0879	0.33839	0.60274	176.65	2.7380	7.9579	0.0063223
96.000	2.3249	1.3403	0.74612	-107.85	-107.68	1.4814	0.50840	1.1374	776.45	-0.034548	202.15	0.11593	0.010422	0.012397	80.668	27.661	46.415	3.0865	0.33853	0.60327	176.71	2.7325	7.9673	0.0063309
96.100	2.3451	1.3396	0.74649	-107.74	-107.56	1.4826	0.50812	1.1377	775.72	-0.034479	201.59	0.11578	0.010398	0.012496	80.026	27.676	46.442	3.0851	0.33867	0.60380	176.77	2.7270	7.9767	0.0063395
96.200	2.3653	1.3390	0.74685	-107.62	-107.45	1.4838	0.50783	1.1381	774.99	-0.034410	201.03	0.11564	0.010375	0.012596	79.391	27.691	46.469	3.0837	0.33881	0.60434	176.82	2.7215	7.9861	0.0063482
96.300	2.3857	1.3383	0.74722	-107.51	-107.33	1.4850	0.50755	1.1385	774.26	-0.034341	200.48	0.11550	0.010351	0.012696	78.762	27.705	46.496	3.0823	0.33895	0.60488	176.88	2.7161	7.9956	0.0063569
96.400	2.4063	1.3376	0.74758	-107.40	-107.22	1.4861	0.50727	1.1388	773.53	-0.034272	199.92	0.11536	0.010327	0.012798	78.140	27.720	46.523	3.0809	0.33909	0.60542	176.94	2.7107	8.0050	0.0063656
96.500	2.4270	1.3370	0.74795	-107.28	-107.10	1.4873	0.50699	1.1392	772.80	-0.034202	199.37	0.11521	0.010303	0.012899	77.523	27.735	46.550	3.0796	0.33923	0.60597	177.00	2.7053	8.0144	0.0063743
96.600	2.4478	1.3363	0.74832	-107.17	-106.99	1.4885	0.50671	1.1395	772.07	-0.034131	198.82	0.11507	0.010280	0.013002	76.913	27.750	46.576	3.0782	0.33938	0.60652	177.06	2.6999	8.0239	0.0063830
96.700	2.4687	1.3357	0.74868	-107.06	-106.87	1.4896	0.50643	1.1399	771.34	-0.034061	198.28	0.11493	0.010256	0.013105	76.309	27.764	46.602	3.0768	0.33952	0.60707	177.11	2.6945	8.0333	0.0063917
96.800	2.4898	1.3350	0.74905	-106.94	-106.76	1.4908	0.50616	1.1403	770.60	-0.033990	197.73	0.11478	0.010232	0.013208	75.710	27.779	46.629	3.0754	0.33966	0.60762	177.17	2.6892	8.0428	0.0064005
96.900	2.5110	1.3344	0.74942	-106.83	-106.64	1.4920	0.50588	1.1407	769.87	-0.033918	197.19	0.11464	0.010208	0.013312	75.118	27.793	46.655	3.0740	0.33981	0.60818	177.23	2.6838	8.0522	0.0064092
97.000	2.5323	1.3337	0.74979	-106.72	-106.53	1.4932	0.50560	1.1410	769.14	-0.033847	196.65	0.11450	0.010185	0.013417	74.531	27.807	46.681	3.0726	0.33995	0.60874	177.29	2.6785	8.0617	0.0064180
97.100	2.5538	1.3330	0.75016	-106.61	-106.41	1.4943	0.50533	1.1414	768.40	-0.033775	196.11	0.11436	0.010161	0.013523	73.950	27.822	46.707	3.0713	0.34010	0.60930	177.34	2.6732	8.0712	0.0064268
97.200	2.5754	1.3324	0.75053	-106.49	-106.30	1.4955	0.50505	1.1418	767.67	-0.033702	195.57	0.11421	0.010137	0.013629	73.375	27.836	46.733	3.0699	0.34024	0.60987	177.40	2.6679	8.0806	0.0064356
97.300	2.5971	1.3317	0.75091	-106.38	-106.18	1.4967	0.50478	1.1422	766.93	-0.033629	195.04	0.11407	0.010113	0.013735	72.805	27.850	46.758	3.0685	0.34039	0.61043	177.46	2.6626	8.0901	0.0064444
97.400	2.6190	1.3311	0.75128	-106.27	-106.07	1.4978	0.50450	1.1426	766.20	-0.033556	194.51	0.11393	0.010090	0.013843	72.241	27.864	46.784	3.0672	0.34053	0.61100	177.51	2.6574	8.0996	0.0064533
97.500	2.6411	1.3304	0.75165	-106.15	-105.95	1.4990	0.50423	1.1430	765.46	-0.033483	193.97	0.11379	0.010066	0.013950	71.682	27.878	46.809	3.0658	0.34068	0.61158	177.57	2.6521	8.1091	0.0064621
97.600	2.6632	1.3297	0.75203	-106.04	-105.84	1.5002	0.50396	1.1434	764.73	-0.033409	193.45	0.11365	0.010043	0.014059	71.129	27.891	46.834	3.0644	0.34083	0.61215	177.63	2.6469	8.1186	0.0064710
97.700	2.6855	1.3291	0.75240	-105.93	-105.72	1.5013	0.50369	1.1438	763.99	-0.033335	192.92	0.11350	0.010019	0.014168	70.581	27.905	46.860	3.0631	0.34098	0.61273	177.68	2.6417	8.1281	0.0064799
97.800	2.7079	1.3284	0.75278	-105.81	-105.61	1.5025	0.50341	1.1442	763.25	-0.033260	192.39	0.11336	0.0099952	0.014278	70.038	27.919	46.885	3.0617	0.34113	0.61332	177.74	2.6365	8.1376	0.0064888
97.900	2.7305	1.3278	0.75315	-105.70	-105.49	1.5036	0.50314	1.1446	762.51	-0.033185	191.87	0.11322	0.0099716	0.014388	69.500	27.932	46.910	3.0603	0.34127	0.61390	177.79	2.6313	8.1472	0.0064977
98.000	2.7532	1.3271	0.75353	-105.58	-105.38	1.5048	0.50287	1.1450	761.78	-0.033110	191.35	0.11308	0.0099480	0.014499	68.968	27.946	46.934	3.0590	0.34142	0.61449	177.85	2.6262	8.1567	0.0065066
98.100	2.7761	1.3264	0.75391	-105.47	-105.26	1.5060	0.50260	1.1454	761.04	-0.033034	190.83	0.11293	0.0099244	0.014611	68.441	27.959	46.959	3.0576	0.34157	0.61508	177.90	2.6211	8.1662	0.0065156
98.200	2.7991	1.3258	0.75428	-105.36	-105.15	1.5071	0.50234	1.1458	760.30	-0.032958	190.31	0.11279	0.0099008	0.014724	67.918	27.972	46.983	3.0563	0.34172	0.61568	177.96	2.6159	8.1758	0.0065245
98.300	2.8222	1.3251	0.75466	-105.24	-105.03	1.5083	0.50207	1.1462	759.56	-0.032881	189.80	0.11265	0.0098773	0.014837	67.401	27.986	47.008	3.0550	0.34187	0.61627	178.01	2.6108	8.1853	0.0065335
98.400	2.8455	1.3244	0.75504	-105.13	-104.92	1.5094	0.50180	1.1467	758.82	-0.032805	189.29	0.11251	0.0098537	0.014950	66.889	27.999	47.032	3.0536	0.34203	0.61687	178.07	2.6057	8.1949	0.0065425
98.500	2.8689	1.3238	0.75542	-105.02	-104.80	1.5106	0.50153	1.1471	758.08	-0.032727	188.77	0.11237	0.0098301	0.015064	66.381	28.012	47.056	3.0523	0.34218	0.61748	178.12	2.6007	8.2045	0.0065515
98.600	2.8925	1.3231	0.75580	-104.90	-104.68	1.5117	0.50127	1.1475	757.34	-0.032650	188.26	0.11222	0.0098066	0.015179	65.879	28.025	47.080	3.0509	0.34233	0.61808	178.17	2.5956	8.2140	0.0065606
98.700	2.9162	1.3224	0.75618	-104.79	-104.57	1.5129	0.50100	1.1479	756.59	-0.032572	187.76	0.11208	0.0097831	0.015295	65.381	28.038	47.104	3.0496	0.34248	0.61869	178.23	2.5905	8.2236	0.0065696
98.800	2.9400	1.3218	0.75657	-104.68	-104.45	1.5140	0.50074	1.1484	755.85	-0.032493	187.25	0.11194	0.0097596	0.015411	64.887	28.050	47.127	3.0483	0.34264	0.61930	178.28	2.5855	8.2332	0.0065787
98.900	2.9640	1.3211	0.75695	-104.56	-104.34	1.5152	0.50047	1.1488	755.11	-0.032415	186.75	0.11180	0.0097361	0.015528	64.399	28.063	47.151	3.0469	0.34279	0.61992	178.34	2.5805	8.2428	0.0065878
99.000	2.9882	1.3204	0.75733	-104.45	-104.22	1.5164	0.50021	1.1492	754.37	-0.032336	186.24	0.11166	0.0097126	0.015646	63.915	28.076	47.174	3.0456	0.34294	0.62054	178.39	2.5755	8.2524	0.0065969
99.100	3.0125	1.3198	0.75772	-104.33	-104.11	1.5175	0.49994	1.1497	753.62	-0.032256	185.74	0.11152	0.0096891	0.015764	63.435	28.088	47.198	3.0443	0.34310	0.62116	178.44	2.5705	8.2620	0.0066060
99.200	3.0369	1.3191	0.75810	-104.22	-103.99	1.5187	0.49968	1.1501	752.88	-0.032176	185.25	0.11137	0.0096656	0.015883	62.960	28.101	47.221	3.0430	0.34325	0.62178	178.49	2.5656	8.2716	0.0066151
99.300	3.0615	1.3184	0.75849	-104.11	-103.87	1.5198	0.49942	1.1505	752.13	-0.032096	184.75	0.11123	0.0096421	0.016003	62.490	28.113	47.244	3.0416	0.34341	0.62241	178.55	2.5606	8.2813	0.0066242
99.400	3.0862	1.3177	0.75888	-103.99	-103.76	1.5210	0.49916	1.1510	751.39	-0.032015	184.25	0.11109	0.0096187	0.016123	62.024	28.125	47.267	3.0403	0.34357	0.62304	178.60	2.5557	8.2909	0.0066334
99.500	3.1111	1.3171	0.75926	-103.88	-103.64	1.5221	0.49890	1.1514	750.64	-0.031934	183.76	0.11095	0.0095953	0.016244	61.562	28.137	47.290	3.0390	0.34372	0.62368	178.65	2.5507	8.3005	0.0066426
99.600	3.1361	1.3164	0.75965	-103.76	-103.53	1.5232	0.49864	1.1519	749.90	-0.031853	183.27	0.11081	0.0095718	0.016365	61.104	28.149	47.312	3.0377	0.34388	0.62431	178.70	2.5458	8.3102	0.0066518
99.700	3.1613	1.3157	0.76004	-103.65	-103.41	1.5244	0.49838	1.1524	749.15	-0.031771	182.78	0.11067	0.0095484	0.016488	60.651	28.161	47.335	3.0364	0.34404	0.62496	178.76	2.5409	8.3199	0.0066610
99.800	3.1866	1.3150	0.76043	-103.54	-103.29	1.5255	0.49812	1.1528	748.40	-0.031689	182.29	0.11052	0.0095250	0.016611	60.202	28.173	47.357	3.0351	0.34420	0.62560	178.81	2.5361	8.3295	0.0066703
99.900	3.2121	1.3144	0.76082	-103.42	-103.18	1.5267	0.49786	1.1533	747.65	-0.031606	181.81	0.11038	0.0095016	0.016734	59.757	28.185	47.379	3.0338	0.34436	0.62625	178.86	2.5312	8.3392	0.0066795
100.00	3.2377	1.3137	0.76121	-103.31	-103.06	1.5278	0.49760	1.1537	746.91	-0.031523	181.32	0.11024	0.0094782	0.016859	59.316	28.197	47.401	3.0324	0.34452	0.62690	178.91	2.5263	8.3489	0.0066888
100.10	3.2634	1.3130	0.76160	-103.19	-102.94	1.5290	0.49735	1.1542	746.16	-0.031440	180.84	0.11010	0.0094549	0.016984	58.879	28.208	47.423	3.0311	0.34468	0.62755	178.96	2.5215	8.3586	0.0066981
100.20	3.2894	1.3123	0.76199	-103.08	-102.83	1.5301	0.49709	1.1547	745.41	-0.031356	180.36	0.10996	0.0094315	0.017110	58.447	28.220	47.445	3.0298	0.34484	0.62821	179.01	2.5167	8.3683	0.0067074
100.30	3.3154	1.3117	0.76239	-102.96	-102.71	1.5313	0.49683	1.1552	744.66	-0.031272	179.88	0.10982	0.0094082	0.017236	58.018	28.231	47.467	3.0285	0.34500	0.62887	179.06	2.5119	8.3780	0.0067167
100.40	3.3417	1.3110	0.76278	-102.85	-102.59	1.5324	0.49658	1.1556	743.91	-0.031187	179.40	0.10968	0.0093848	0.017363	57.593	28.242	47.488	3.0272	0.34516	0.62953	179.11	2.5071	8.3877	0.0067261
100.50	3.3680	1.3103	0.76318	-102.74	-102.48	1.5335	0.49632	1.1561	743.16	-0.031102	178.93	0.10954	0.0093615	0.017491	57.172	28.254	47.509	3.0260	0.34532	0.63020	179.16	2.5023	8.3974	0.0067354
100.60	3.3946	1.3096	0.76357	-102.62	-102.36	1.5347	0.49607	1.1566	742.41	-0.031017	178.45	0.10940	0.0093382	0.017620	56.755	28.265	47.531	3.0247	0.34548	0.63087	179.21	2.4976	8.4071	0.0067448
100.70	3.4213	1.3090	0.76397	-102.51	-102.25	1.5358	0.49582	1.1571	741.65	-0.030931	177.98	0.10925	0.0093149	0.017749	56.341	28.276	47.552	3.0234	0.34565	0.63154	179.26	2.4928	8.4169	0.0067542
100.80	3.4481	1.3083	0.76436	-102.39	-102.13	1.5370	0.49556	1.1576	740.90	-0.030845	177.51	0.10911	0.0092916	0.017879	55.932	28.287	47.573	3.0221	0.34581	0.63222	179.31	2.4881	8.4266	0.0067636
100.90	3.4751	1.3076	0.76476	-102.28	-102.01	1.5381	0.49531	1.1581	740.15	-0.030758	177.04	0.10897	0.0092683	0.018010	55.526	28.298	47.594	3.0208	0.34597	0.63290	179.36	2.4833	8.4363	0.0067731
101.00	3.5023	1.3069	0.76516	-102.16	-101.89	1.5392	0.49506	1.1586	739.40	-0.030671	176.58	0.10883	0.0092451	0.018141	55.124	28.308	47.614	3.0195	0.34614	0.63359	179.41	2.4786	8.4461	0.0067825
101.10	3.5296	1.3062	0.76556	-102.05	-101.78	1.5404	0.49481	1.1591	738.64	-0.030583	176.11	0.10869	0.0092218	0.018273	54.725	28.319	47.635	3.0182	0.34630	0.63427	179.46	2.4739	8.4559	0.0067920
101.20	3.5570	1.3056	0.76596	-101.93	-101.66	1.5415	0.49456	1.1596	737.89	-0.030495	175.65	0.10855	0.0091986	0.018406	54.330	28.330	47.655	3.0170	0.34647	0.63496	179.51	2.4693	8.4657	0.0068015
101.30	3.5847	1.3049	0.76636	-101.82	-101.54	1.5426	0.49431	1.1601	737.13	-0.030407	175.19	0.10841	0.0091754	0.018540	53.939	28.340	47.675	3.0157	0.34663	0.63566	179.56	2.4646	8.4754	0.0068110
101.40	3.6124	1.3042	0.76676	-101.70	-101.43	1.5438	0.49406	1.1606	736.38	-0.030318	174.73	0.10827	0.0091521	0.018674	53.551	28.351	47.695	3.0144	0.34680	0.63636	179.61	2.4599	8.4852	0.0068206
101.50	3.6404	1.3035	0.76717	-101.59	-101.31	1.5449	0.49381	1.1611	735.62	-0.030229	174.27	0.10813	0.0091289	0.018809	53.166	28.361	47.715	3.0131	0.34697	0.63706	179.66	2.4553	8.4950	0.0068301
101.60	3.6685	1.3028	0.76757	-101.47	-101.19	1.5460	0.49356	1.1616	734.86	-0.030140	173.81	0.10799	0.0091057	0.018945	52.785	28.371	47.735	3.0119	0.34714	0.63776	179.70	2.4507	8.5048	0.0068397
101.70	3.6968	1.3021	0.76797	-101.36	-101.08	1.5472	0.49331	1.1621	734.11	-0.030049	173.35	0.10785	0.0090826	0.019081	52.407	28.381	47.755	3.0106	0.34731	0.63847	179.75	2.4461	8.5147	0.0068493
101.80	3.7252	1.3014	0.76838	-101.24	-100.96	1.5483	0.49306	1.1626	733.35	-0.029959	172.90	0.10771	0.0090594	0.019219	52.033	28.391	47.774	3.0093	0.34747	0.63919	179.80	2.4415	8.5245	0.0068589
101.90	3.7537	1.3008	0.76878	-101.13	-100.84	1.5494	0.49282	1.1632	732.59	-0.029868	172.45	0.10757	0.0090362	0.019357	51.662	28.401	47.794	3.0081	0.34764	0.63990	179.85	2.4369	8.5343	0.0068686
102.00	3.7825	1.3001	0.76919	-101.01	-100.72	1.5505	0.49257	1.1637	731.83	-0.029777	172.00	0.10742	0.0090131	0.019495	51.294	28.411	47.813	3.0068	0.34781	0.64062	179.89	2.4323	8.5442	0.0068782
102.10	3.8114	1.2994	0.76960	-100.90	-100.61	1.5517	0.49233	1.1642	731.07	-0.029685	171.55	0.10728	0.0089899	0.019635	50.930	28.421	47.832	3.0055	0.34798	0.64134	179.94	2.4277	8.5540	0.0068879
102.20	3.8405	1.2987	0.77001	-100.78	-100.49	1.5528	0.49208	1.1648	730.31	-0.029593	171.10	0.10714	0.0089668	0.019775	50.569	28.430	47.851	3.0043	0.34815	0.64207	179.99	2.4232	8.5639	0.0068976
102.30	3.8697	1.2980	0.77041	-100.67	-100.37	1.5539	0.49184	1.1653	729.55	-0.029500	170.65	0.10701	0.0089437	0.019916	50.211	28.440	47.870	3.0030	0.34833	0.64280	180.03	2.4187	8.5738	0.0069073
102.40	3.8991	1.2973	0.77082	-100.55	-100.25	1.5551	0.49159	1.1658	728.79	-0.029407	170.21	0.10687	0.0089206	0.020058	49.856	28.449	47.888	3.0018	0.34850	0.64354	180.08	2.4141	8.5837	0.0069171
102.50	3.9286	1.2966	0.77123	-100.44	-100.14	1.5562	0.49135	1.1664	728.03	-0.029314	169.77	0.10673	0.0088975	0.020200	49.504	28.459	47.907	3.0005	0.34867	0.64428	180.13	2.4096	8.5936	0.0069268
102.60	3.9584	1.2959	0.77165	-100.32	-100.02	1.5573	0.49111	1.1669	727.27	-0.029220	169.33	0.10659	0.0088745	0.020344	49.156	28.468	47.925	2.9993	0.34884	0.64502	180.17	2.4051	8.6035	0.0069366
102.70	3.9882	1.2952	0.77206	-100.21	-99.901	1.5584	0.49086	1.1675	726.51	-0.029125	168.89	0.10645	0.0088514	0.020488	48.810	28.477	47.943	2.9980	0.34902	0.64576	180.22	2.4007	8.6134	0.0069464
102.80	4.0183	1.2945	0.77247	-100.09	-99.783	1.5596	0.49062	1.1680	725.74	-0.029031	168.45	0.10631	0.0088283	0.020632	48.467	28.486	47.961	2.9968	0.34919	0.64651	180.27	2.3962	8.6233	0.0069563
102.90	4.0485	1.2939	0.77288	-99.978	-99.665	1.5607	0.49038	1.1686	724.98	-0.028935	168.01	0.10617	0.0088053	0.020778	48.128	28.495	47.979	2.9955	0.34937	0.64727	180.31	2.3917	8.6332	0.0069661
103.00	4.0789	1.2932	0.77330	-99.863	-99.547	1.5618	0.49014	1.1691	724.21	-0.028840	167.58	0.10603	0.0087823	0.020924	47.791	28.504	47.997	2.9943	0.34954	0.64802	180.36	2.3873	8.6432	0.0069760
103.10	4.1094	1.2925	0.77371	-99.747	-99.429	1.5629	0.48990	1.1697	723.45	-0.028743	167.14	0.10589	0.0087593	0.021072	47.457	28.512	48.015	2.9930	0.34972	0.64879	180.40	2.3828	8.6531	0.0069859
103.20	4.1402	1.2918	0.77413	-99.632	-99.311	1.5640	0.48966	1.1703	722.68	-0.028647	166.71	0.10575	0.0087363	0.021219	47.127	28.521	48.032	2.9918	0.34990	0.64955	180.45	2.3784	8.6631	0.0069958
103.30	4.1710	1.2911	0.77455	-99.516	-99.193	1.5652	0.48942	1.1708	721.92	-0.028550	166.28	0.10561	0.0087133	0.021368	46.799	28.530	48.049	2.9906	0.35007	0.65032	180.49	2.3740	8.6730	0.0070057
103.40	4.2021	1.2904	0.77497	-99.401	-99.075	1.5663	0.48919	1.1714	721.15	-0.028452	165.85	0.10547	0.0086903	0.021518	46.473	28.538	48.067	2.9893	0.35025	0.65109	180.54	2.3696	8.6830	0.0070157
103.50	4.2333	1.2897	0.77539	-99.285	-98.957	1.5674	0.48895	1.1720	720.38	-0.028354	165.42	0.10534	0.0086673	0.021668	46.151	28.546	48.084	2.9881	0.35043	0.65187	180.58	2.3652	8.6930	0.0070257
103.60	4.2647	1.2890	0.77581	-99.170	-98.839	1.5685	0.48871	1.1726	719.62	-0.028256	165.00	0.10520	0.0086444	0.021819	45.832	28.555	48.100	2.9869	0.35061	0.65265	180.62	2.3609	8.7030	0.0070357
103.70	4.2963	1.2883	0.77623	-99.054	-98.720	1.5696	0.48847	1.1732	718.85	-0.028157	164.57	0.10506	0.0086214	0.021971	45.515	28.563	48.117	2.9856	0.35079	0.65344	180.67	2.3565	8.7130	0.0070457
103.80	4.3280	1.2876	0.77665	-98.938	-98.602	1.5708	0.48824	1.1737	718.08	-0.028057	164.15	0.10492	0.0085985	0.022124	45.201	28.571	48.134	2.9844	0.35097	0.65423	180.71	2.3521	8.7230	0.0070558
103.90	4.3599	1.2869	0.77707	-98.822	-98.484	1.5719	0.48800	1.1743	717.31	-0.027957	163.73	0.10478	0.0085756	0.022277	44.889	28.579	48.150	2.9832	0.35115	0.65502	180.76	2.3478	8.7330	0.0070659
104.00	4.3920	1.2862	0.77749	-98.707	-98.365	1.5730	0.48777	1.1749	716.54	-0.027857	163.30	0.10464	0.0085527	0.022431	44.581	28.586	48.166	2.9819	0.35133	0.65582	180.80	2.3435	8.7431	0.0070760
104.10	4.4243	1.2855	0.77792	-98.591	-98.246	1.5741	0.48753	1.1755	715.77	-0.027756	162.89	0.10450	0.0085298	0.022586	44.274	28.594	48.182	2.9807	0.35151	0.65662	180.84	2.3392	8.7531	0.0070861
104.20	4.4567	1.2848	0.77834	-98.475	-98.128	1.5752	0.48730	1.1761	715.00	-0.027655	162.47	0.10436	0.0085069	0.022742	43.971	28.602	48.198	2.9795	0.35169	0.65742	180.89	2.3349	8.7632	0.0070962
104.30	4.4893	1.2841	0.77877	-98.359	-98.009	1.5763	0.48707	1.1767	714.23	-0.027553	162.05	0.10423	0.0084840	0.022899	43.670	28.609	48.214	2.9783	0.35187	0.65823	180.93	2.3306	8.7732	0.0071064
104.40	4.5221	1.2834	0.77920	-98.243	-97.890	1.5775	0.48683	1.1773	713.45	-0.027451	161.64	0.10409	0.0084612	0.023057	43.372	28.617	48.230	2.9771	0.35206	0.65905	180.97	2.3263	8.7833	0.0071166
104.50	4.5550	1.2827	0.77962	-98.127	-97.772	1.5786	0.48660	1.1779	712.68	-0.027348	161.22	0.10395	0.0084383	0.023215	43.076	28.624	48.245	2.9759	0.35224	0.65986	181.01	2.3220	8.7934	0.0071268
104.60	4.5881	1.2820	0.78005	-98.011	-97.653	1.5797	0.48637	1.1786	711.91	-0.027245	160.81	0.10381	0.0084155	0.023374	42.783	28.631	48.260	2.9746	0.35243	0.66069	181.06	2.3178	8.8035	0.0071371
104.70	4.6214	1.2813	0.78048	-97.894	-97.534	1.5808	0.48614	1.1792	711.13	-0.027141	160.40	0.10367	0.0083927	0.023534	42.492	28.638	48.275	2.9734	0.35261	0.66151	181.10	2.3135	8.8136	0.0071473
104.80	4.6549	1.2806	0.78091	-97.778	-97.415	1.5819	0.48591	1.1798	710.36	-0.027037	159.99	0.10353	0.0083699	0.023695	42.203	28.645	48.290	2.9722	0.35280	0.66234	181.14	2.3093	8.8237	0.0071576
104.90	4.6886	1.2798	0.78134	-97.662	-97.296	1.5830	0.48568	1.1804	709.58	-0.026932	159.58	0.10340	0.0083471	0.023857	41.917	28.652	48.305	2.9710	0.35298	0.66318	181.18	2.3051	8.8339	0.0071680
105.00	4.7224	1.2791	0.78178	-97.546	-97.176	1.5841	0.48545	1.1811	708.81	-0.026827	159.18	0.10326	0.0083243	0.024019	41.634	28.659	48.320	2.9698	0.35317	0.66402	181.22	2.3009	8.8440	0.0071783
105.10	4.7564	1.2784	0.78221	-97.429	-97.057	1.5852	0.48522	1.1817	708.03	-0.026721	158.77	0.10312	0.0083015	0.024182	41.352	28.666	48.334	2.9686	0.35336	0.66486	181.26	2.2967	8.8542	0.0071887
105.20	4.7906	1.2777	0.78264	-97.313	-96.938	1.5863	0.48499	1.1823	707.25	-0.026615	158.37	0.10298	0.0082788	0.024347	41.074	28.672	48.349	2.9674	0.35355	0.66571	181.30	2.2925	8.8643	0.0071991
105.30	4.8249	1.2770	0.78308	-97.196	-96.819	1.5874	0.48476	1.1830	706.48	-0.026508	157.97	0.10284	0.0082560	0.024512	40.797	28.679	48.363	2.9662	0.35373	0.66657	181.34	2.2883	8.8745	0.0072095
105.40	4.8595	1.2763	0.78351	-97.080	-96.699	1.5886	0.48454	1.1836	705.70	-0.026401	157.56	0.10270	0.0082333	0.024677	40.523	28.685	48.377	2.9650	0.35392	0.66742	181.39	2.2841	8.8847	0.0072199
105.50	4.8942	1.2756	0.78395	-96.963	-96.580	1.5897	0.48431	1.1843	704.92	-0.026293	157.16	0.10257	0.0082106	0.024844	40.251	28.691	48.391	2.9638	0.35411	0.66828	181.43	2.2800	8.8949	0.0072304
105.60	4.9291	1.2749	0.78439	-96.847	-96.460	1.5908	0.48408	1.1849	704.14	-0.026185	156.77	0.10243	0.0081879	0.025012	39.981	28.697	48.404	2.9626	0.35430	0.66915	181.47	2.2758	8.9051	0.0072409
105.70	4.9642	1.2742	0.78483	-96.730	-96.341	1.5919	0.48386	1.1856	703.36	-0.026076	156.37	0.10229	0.0081652	0.025180	39.714	28.703	48.418	2.9614	0.35449	0.67002	181.51	2.2717	8.9153	0.0072514
105.80	4.9995	1.2735	0.78527	-96.613	-96.221	1.5930	0.48363	1.1862	702.58	-0.025967	155.97	0.10215	0.0081425	0.025350	39.448	28.709	48.431	2.9602	0.35469	0.67090	181.55	2.2676	8.9255	0.0072620
105.90	5.0349	1.2727	0.78571	-96.497	-96.101	1.5941	0.48341	1.1869	701.80	-0.025857	155.58	0.10202	0.0081198	0.025520	39.185	28.715	48.445	2.9590	0.35488	0.67178	181.59	2.2635	8.9358	0.0072726
106.00	5.0706	1.2720	0.78615	-96.380	-95.981	1.5952	0.48319	1.1875	701.02	-0.025747	155.19	0.10188	0.0080972	0.025691	38.924	28.721	48.458	2.9578	0.35507	0.67266	181.62	2.2594	8.9460	0.0072832
106.10	5.1064	1.2713	0.78659	-96.263	-95.861	1.5963	0.48296	1.1882	700.23	-0.025636	154.79	0.10174	0.0080745	0.025863	38.666	28.726	48.471	2.9566	0.35526	0.67355	181.66	2.2553	8.9563	0.0072938
106.20	5.1424	1.2706	0.78704	-96.146	-95.741	1.5974	0.48274	1.1889	699.45	-0.025525	154.40	0.10160	0.0080519	0.026036	38.409	28.732	48.483	2.9554	0.35546	0.67445	181.70	2.2512	8.9665	0.0073045
106.30	5.1786	1.2699	0.78748	-96.029	-95.621	1.5985	0.48252	1.1896	698.67	-0.025413	154.01	0.10146	0.0080293	0.026209	38.155	28.737	48.496	2.9543	0.35565	0.67535	181.74	2.2471	8.9768	0.0073152
106.40	5.2150	1.2692	0.78793	-95.912	-95.501	1.5996	0.48229	1.1903	697.88	-0.025300	153.63	0.10133	0.0080067	0.026384	37.902	28.742	48.508	2.9531	0.35585	0.67625	181.78	2.2431	8.9871	0.0073259
106.50	5.2515	1.2684	0.78837	-95.795	-95.381	1.6007	0.48207	1.1909	697.10	-0.025187	153.24	0.10119	0.0079841	0.026559	37.652	28.748	48.520	2.9519	0.35604	0.67716	181.82	2.2390	8.9974	0.0073366
106.60	5.2883	1.2677	0.78882	-95.678	-95.261	1.6018	0.48185	1.1916	696.31	-0.025074	152.85	0.10105	0.0079615	0.026736	37.403	28.753	48.532	2.9507	0.35624	0.67807	181.86	2.2350	9.0078	0.0073474
106.70	5.3252	1.2670	0.78927	-95.561	-95.141	1.6029	0.48163	1.1923	695.52	-0.024960	152.47	0.10091	0.0079389	0.026913	37.157	28.757	48.544	2.9495	0.35644	0.67899	181.89	2.2310	9.0181	0.0073582
106.80	5.3623	1.2663	0.78972	-95.444	-95.020	1.6040	0.48141	1.1930	694.74	-0.024845	152.09	0.10078	0.0079164	0.027091	36.913	28.762	48.556	2.9484	0.35664	0.67991	181.93	2.2269	9.0284	0.0073690
106.90	5.3996	1.2656	0.79017	-95.327	-94.900	1.6051	0.48119	1.1937	693.95	-0.024730	151.70	0.10064	0.0078938	0.027270	36.670	28.767	48.568	2.9472	0.35683	0.68084	181.97	2.2229	9.0388	0.0073799
107.00	5.4371	1.2648	0.79062	-95.209	-94.779	1.6062	0.48098	1.1944	693.16	-0.024614	151.32	0.10050	0.0078713	0.027450	36.430	28.772	48.579	2.9460	0.35703	0.68177	182.01	2.2189	9.0492	0.0073908
107.10	5.4748	1.2641	0.79107	-95.092	-94.659	1.6073	0.48076	1.1951	692.37	-0.024498	150.94	0.10037	0.0078488	0.027631	36.192	28.776	48.590	2.9448	0.35723	0.68271	182.04	2.2149	9.0595	0.0074017
107.20	5.5127	1.2634	0.79153	-94.974	-94.538	1.6084	0.48054	1.1958	691.58	-0.024381	150.57	0.10023	0.0078263	0.027813	35.955	28.780	48.601	2.9437	0.35743	0.68365	182.08	2.2110	9.0699	0.0074126
107.30	5.5508	1.2627	0.79198	-94.857	-94.417	1.6095	0.48032	1.1966	690.79	-0.024264	150.19	0.10009	0.0078038	0.027995	35.720	28.785	48.612	2.9425	0.35763	0.68460	182.12	2.2070	9.0803	0.0074236
107.40	5.5890	1.2619	0.79244	-94.739	-94.297	1.6106	0.48011	1.1973	690.00	-0.024146	149.81	0.099954	0.0077813	0.028179	35.488	28.789	48.623	2.9413	0.35784	0.68555	182.15	2.2030	9.0908	0.0074346
107.50	5.6275	1.2612	0.79289	-94.622	-94.176	1.6117	0.47989	1.1980	689.21	-0.024028	149.44	0.099817	0.0077589	0.028363	35.257	28.793	48.633	2.9402	0.35804	0.68651	182.19	2.1991	9.1012	0.0074456
107.60	5.6661	1.2605	0.79335	-94.504	-94.055	1.6128	0.47968	1.1987	688.42	-0.023909	149.07	0.099680	0.0077364	0.028549	35.028	28.797	48.644	2.9390	0.35824	0.68748	182.23	2.1951	9.1116	0.0074567
107.70	5.7050	1.2597	0.79381	-94.387	-93.934	1.6139	0.47946	1.1995	687.63	-0.023789	148.69	0.099543	0.0077140	0.028735	34.801	28.800	48.654	2.9378	0.35844	0.68844	182.26	2.1912	9.1221	0.0074678
107.80	5.7440	1.2590	0.79427	-94.269	-93.813	1.6150	0.47925	1.2002	686.83	-0.023669	148.32	0.099407	0.0076916	0.028922	34.575	28.804	48.664	2.9367	0.35865	0.68942	182.30	2.1873	9.1326	0.0074789
107.90	5.7832	1.2583	0.79473	-94.151	-93.691	1.6161	0.47903	1.2010	686.04	-0.023548	147.95	0.099270	0.0076691	0.029111	34.352	28.808	48.674	2.9355	0.35885	0.69040	182.33	2.1834	9.1431	0.0074901
108.00	5.8226	1.2576	0.79519	-94.033	-93.570	1.6172	0.47882	1.2017	685.24	-0.023427	147.58	0.099133	0.0076467	0.029300	34.130	28.811	48.684	2.9343	0.35906	0.69138	182.37	2.1795	9.1535	0.0075013
108.10	5.8622	1.2568	0.79565	-93.915	-93.449	1.6183	0.47861	1.2025	684.45	-0.023305	147.22	0.098996	0.0076244	0.029490	33.910	28.814	48.693	2.9332	0.35926	0.69237	182.40	2.1756	9.1641	0.0075125
108.20	5.9020	1.2561	0.79612	-93.797	-93.328	1.6194	0.47840	1.2032	683.65	-0.023183	146.85	0.098860	0.0076020	0.029681	33.691	28.818	48.702	2.9320	0.35947	0.69336	182.44	2.1717	9.1746	0.0075237
108.30	5.9420	1.2554	0.79658	-93.679	-93.206	1.6204	0.47819	1.2040	682.85	-0.023060	146.49	0.098723	0.0075796	0.029873	33.475	28.821	48.712	2.9309	0.35968	0.69436	182.47	2.1678	9.1851	0.0075350
108.40	5.9822	1.2546	0.79705	-93.561	-93.085	1.6215	0.47798	1.2047	682.06	-0.022936	146.12	0.098587	0.0075573	0.030066	33.260	28.824	48.721	2.9297	0.35989	0.69537	182.51	2.1640	9.1957	0.0075463
108.50	6.0226	1.2539	0.79752	-93.443	-92.963	1.6226	0.47777	1.2055	681.26	-0.022812	145.76	0.098450	0.0075349	0.030260	33.047	28.826	48.729	2.9286	0.36010	0.69638	182.54	2.1601	9.2062	0.0075577
108.60	6.0632	1.2532	0.79798	-93.325	-92.841	1.6237	0.47756	1.2063	680.46	-0.022687	145.40	0.098314	0.0075126	0.030455	32.835	28.829	48.738	2.9274	0.36030	0.69740	182.58	2.1563	9.2168	0.0075690
108.70	6.1040	1.2524	0.79845	-93.207	-92.719	1.6248	0.47735	1.2070	679.66	-0.022561	145.04	0.098177	0.0074903	0.030651	32.626	28.832	48.747	2.9263	0.36051	0.69842	182.61	2.1524	9.2274	0.0075805
108.80	6.1450	1.2517	0.79892	-93.088	-92.598	1.6259	0.47714	1.2078	678.86	-0.022435	144.68	0.098041	0.0074680	0.030848	32.417	28.834	48.755	2.9251	0.36073	0.69945	182.64	2.1486	9.2380	0.0075919
108.90	6.1862	1.2509	0.79939	-92.970	-92.476	1.6270	0.47693	1.2086	678.06	-0.022309	144.32	0.097905	0.0074458	0.031046	32.211	28.837	48.763	2.9240	0.36094	0.70048	182.68	2.1448	9.2486	0.0076034
109.00	6.2276	1.2502	0.79987	-92.852	-92.354	1.6281	0.47672	1.2094	677.26	-0.022181	143.96	0.097768	0.0074235	0.031244	32.006	28.839	48.771	2.9228	0.36115	0.70152	182.71	2.1410	9.2592	0.0076149
109.10	6.2692	1.2495	0.80034	-92.733	-92.232	1.6292	0.47652	1.2102	676.45	-0.022054	143.61	0.097632	0.0074012	0.031444	31.802	28.841	48.779	2.9217	0.36136	0.70256	182.74	2.1372	9.2699	0.0076264
109.20	6.3110	1.2487	0.80082	-92.615	-92.109	1.6303	0.47631	1.2110	675.65	-0.021925	143.25	0.097496	0.0073790	0.031645	31.601	28.843	48.786	2.9205	0.36157	0.70362	182.78	2.1334	9.2805	0.0076380
109.30	6.3530	1.2480	0.80129	-92.496	-91.987	1.6314	0.47610	1.2118	674.85	-0.021796	142.90	0.097360	0.0073568	0.031847	31.400	28.845	48.794	2.9194	0.36179	0.70467	182.81	2.1296	9.2912	0.0076496
109.40	6.3952	1.2472	0.80177	-92.377	-91.865	1.6324	0.47590	1.2126	674.04	-0.021666	142.54	0.097224	0.0073346	0.032049	31.202	28.847	48.801	2.9182	0.36200	0.70573	182.84	2.1258	9.3019	0.0076612
109.50	6.4376	1.2465	0.80225	-92.259	-91.742	1.6335	0.47569	1.2134	673.24	-0.021536	142.19	0.097088	0.0073124	0.032253	31.005	28.848	48.808	2.9171	0.36222	0.70680	182.87	2.1221	9.3126	0.0076729
109.60	6.4802	1.2458	0.80273	-92.140	-91.620	1.6346	0.47549	1.2142	672.43	-0.021405	141.84	0.096952	0.0072902	0.032458	30.809	28.850	48.815	2.9159	0.36244	0.70788	182.91	2.1183	9.3233	0.0076846
109.70	6.5230	1.2450	0.80321	-92.021	-91.497	1.6357	0.47529	1.2151	671.63	-0.021273	141.49	0.096816	0.0072680	0.032664	30.615	28.851	48.821	2.9148	0.36265	0.70896	182.94	2.1146	9.3340	0.0076964
109.80	6.5660	1.2443	0.80369	-91.902	-91.375	1.6368	0.47508	1.2159	670.82	-0.021141	141.14	0.096680	0.0072458	0.032871	30.422	28.853	48.828	2.9137	0.36287	0.71004	182.97	2.1108	9.3448	0.0077082
109.90	6.6092	1.2435	0.80417	-91.783	-91.252	1.6379	0.47488	1.2167	670.01	-0.021008	140.80	0.096545	0.0072237	0.033078	30.231	28.854	48.834	2.9125	0.36309	0.71113	183.00	2.1071	9.3555	0.0077200
110.00	6.6526	1.2428	0.80465	-91.664	-91.129	1.6390	0.47468	1.2176	669.20	-0.020875	140.45	0.096409	0.0072016	0.033287	30.042	28.855	48.840	2.9114	0.36331	0.71223	183.03	2.1034	9.3663	0.0077318
110.10	6.6962	1.2420	0.80514	-91.545	-91.006	1.6400	0.47448	1.2184	668.39	-0.020740	140.10	0.096273	0.0071794	0.033497	29.853	28.856	48.846	2.9103	0.36353	0.71333	183.06	2.0997	9.3771	0.0077437
110.20	6.7401	1.2413	0.80562	-91.426	-90.883	1.6411	0.47428	1.2192	667.58	-0.020605	139.76	0.096138	0.0071573	0.033708	29.667	28.856	48.852	2.9091	0.36375	0.71444	183.09	2.0960	9.3879	0.0077557
110.30	6.7841	1.2405	0.80611	-91.307	-90.760	1.6422	0.47408	1.2201	666.77	-0.020470	139.42	0.096002	0.0071352	0.033920	29.481	28.857	48.857	2.9080	0.36397	0.71556	183.12	2.0923	9.3987	0.0077676
110.40	6.8284	1.2398	0.80660	-91.188	-90.637	1.6433	0.47388	1.2210	665.96	-0.020334	139.07	0.095867	0.0071132	0.034133	29.297	28.858	48.863	2.9069	0.36419	0.71668	183.15	2.0886	9.4096	0.0077796
110.50	6.8728	1.2390	0.80709	-91.068	-90.514	1.6444	0.47368	1.2218	665.15	-0.020197	138.73	0.095731	0.0070911	0.034347	29.115	28.858	48.868	2.9058	0.36441	0.71781	183.19	2.0849	9.4204	0.0077916
110.60	6.9175	1.2383	0.80758	-90.949	-90.390	1.6455	0.47348	1.2227	664.33	-0.020059	138.39	0.095596	0.0070691	0.034562	28.934	28.858	48.873	2.9046	0.36464	0.71895	183.21	2.0813	9.4313	0.0078037
110.70	6.9623	1.2375	0.80807	-90.830	-90.267	1.6465	0.47328	1.2236	663.52	-0.019921	138.05	0.095460	0.0070470	0.034778	28.754	28.858	48.878	2.9035	0.36486	0.72009	183.24	2.0776	9.4422	0.0078158
110.80	7.0074	1.2368	0.80857	-90.710	-90.143	1.6476	0.47309	1.2244	662.71	-0.019782	137.72	0.095325	0.0070250	0.034995	28.576	28.858	48.882	2.9024	0.36508	0.72124	183.27	2.0739	9.4531	0.0078280
110.90	7.0527	1.2360	0.80906	-90.591	-90.020	1.6487	0.47289	1.2253	661.89	-0.019643	137.38	0.095190	0.0070030	0.035213	28.399	28.858	48.887	2.9012	0.36531	0.72239	183.30	2.0703	9.4640	0.0078402
111.00	7.0982	1.2352	0.80956	-90.471	-89.896	1.6498	0.47269	1.2262	661.08	-0.019503	137.04	0.095055	0.0069810	0.035432	28.223	28.858	48.891	2.9001	0.36554	0.72355	183.33	2.0667	9.4749	0.0078524
111.10	7.1439	1.2345	0.81005	-90.351	-89.772	1.6509	0.47250	1.2271	660.26	-0.019362	136.71	0.094920	0.0069590	0.035653	28.048	28.858	48.895	2.8990	0.36576	0.72472	183.36	2.0630	9.4858	0.0078647
111.20	7.1899	1.2337	0.81055	-90.231	-89.649	1.6520	0.47230	1.2280	659.44	-0.019220	136.37	0.094785	0.0069370	0.035874	27.875	28.857	48.899	2.8979	0.36599	0.72589	183.39	2.0594	9.4968	0.0078770
111.30	7.2360	1.2330	0.81105	-90.112	-89.525	1.6530	0.47211	1.2289	658.62	-0.019078	136.04	0.094650	0.0069151	0.036097	27.703	28.856	48.903	2.8968	0.36622	0.72707	183.42	2.0558	9.5078	0.0078893
111.40	7.2824	1.2322	0.81155	-89.992	-89.401	1.6541	0.47191	1.2298	657.80	-0.018935	135.71	0.094515	0.0068932	0.036320	27.533	28.856	48.906	2.8956	0.36645	0.72826	183.45	2.0522	9.5188	0.0079017
111.50	7.3289	1.2314	0.81205	-89.872	-89.277	1.6552	0.47172	1.2307	656.98	-0.018791	135.38	0.094380	0.0068712	0.036545	27.364	28.855	48.909	2.8945	0.36668	0.72946	183.48	2.0486	9.5298	0.0079141
111.60	7.3757	1.2307	0.81255	-89.752	-89.152	1.6563	0.47153	1.2316	656.16	-0.018647	135.05	0.094245	0.0068493	0.036770	27.196	28.854	48.913	2.8934	0.36691	0.73066	183.50	2.0450	9.5408	0.0079266
111.70	7.4227	1.2299	0.81306	-89.632	-89.028	1.6573	0.47134	1.2325	655.34	-0.018502	134.72	0.094110	0.0068274	0.036997	27.029	28.853	48.915	2.8923	0.36714	0.73187	183.53	2.0414	9.5518	0.0079391
111.80	7.4699	1.2292	0.81356	-89.511	-88.904	1.6584	0.47115	1.2335	654.52	-0.018356	134.39	0.093976	0.0068055	0.037225	26.864	28.851	48.918	2.8912	0.36737	0.73308	183.56	2.0378	9.5629	0.0079516
111.90	7.5174	1.2284	0.81407	-89.391	-88.779	1.6595	0.47095	1.2344	653.70	-0.018209	134.06	0.093841	0.0067837	0.037454	26.699	28.850	48.921	2.8901	0.36760	0.73430	183.59	2.0343	9.5740	0.0079642
112.00	7.5650	1.2276	0.81458	-89.271	-88.655	1.6606	0.47076	1.2353	652.87	-0.018062	133.73	0.093706	0.0067618	0.037684	26.536	28.848	48.923	2.8890	0.36784	0.73553	183.61	2.0307	9.5851	0.0079768
112.10	7.6129	1.2269	0.81509	-89.151	-88.530	1.6617	0.47057	1.2363	652.05	-0.017914	133.41	0.093572	0.0067400	0.037915	26.374	28.847	48.925	2.8878	0.36807	0.73677	183.64	2.0272	9.5962	0.0079895
112.20	7.6610	1.2261	0.81560	-89.030	-88.405	1.6627	0.47039	1.2372	651.22	-0.017765	133.08	0.093437	0.0067181	0.038148	26.214	28.845	48.927	2.8867	0.36831	0.73801	183.67	2.0236	9.6073	0.0080022
112.30	7.7093	1.2253	0.81611	-88.910	-88.280	1.6638	0.47020	1.2382	650.40	-0.017616	132.76	0.093303	0.0066963	0.038381	26.054	28.843	48.929	2.8856	0.36854	0.73926	183.69	2.0201	9.6184	0.0080149
112.40	7.7578	1.2246	0.81662	-88.789	-88.156	1.6649	0.47001	1.2392	649.57	-0.017466	132.44	0.093168	0.0066745	0.038616	25.896	28.841	48.930	2.8845	0.36878	0.74052	183.72	2.0165	9.6296	0.0080277
112.50	7.8065	1.2238	0.81714	-88.668	-88.031	1.6660	0.46982	1.2401	648.74	-0.017315	132.12	0.093034	0.0066528	0.038852	25.739	28.838	48.932	2.8834	0.36902	0.74178	183.74	2.0130	9.6408	0.0080406
112.60	7.8555	1.2230	0.81765	-88.548	-87.905	1.6670	0.46963	1.2411	647.92	-0.017163	131.79	0.092900	0.0066310	0.039088	25.583	28.836	48.933	2.8823	0.36925	0.74306	183.77	2.0095	9.6520	0.0080534
112.70	7.9047	1.2222	0.81817	-88.427	-87.780	1.6681	0.46945	1.2421	647.09	-0.017011	131.47	0.092766	0.0066092	0.039326	25.428	28.834	48.934	2.8812	0.36949	0.74434	183.80	2.0060	9.6632	0.0080664
112.80	7.9541	1.2215	0.81869	-88.306	-87.655	1.6692	0.46926	1.2431	646.26	-0.016857	131.16	0.092631	0.0065875	0.039566	25.275	28.831	48.934	2.8801	0.36973	0.74562	183.82	2.0025	9.6744	0.0080793
112.90	8.0037	1.2207	0.81921	-88.185	-87.530	1.6703	0.46908	1.2440	645.43	-0.016703	130.84	0.092497	0.0065658	0.039806	25.122	28.828	48.935	2.8790	0.36997	0.74692	183.85	1.9990	9.6857	0.0080923
113.00	8.0535	1.2199	0.81973	-88.064	-87.404	1.6713	0.46889	1.2450	644.60	-0.016549	130.52	0.092363	0.0065440	0.040047	24.971	28.825	48.935	2.8779	0.37022	0.74822	183.87	1.9955	9.6969	0.0081054
113.10	8.1036	1.2191	0.82025	-87.943	-87.278	1.6724	0.46871	1.2460	643.76	-0.016393	130.20	0.092229	0.0065223	0.040290	24.820	28.822	48.935	2.8768	0.37046	0.74953	183.90	1.9920	9.7082	0.0081185
113.20	8.1539	1.2184	0.82077	-87.822	-87.153	1.6735	0.46853	1.2471	642.93	-0.016237	129.89	0.092095	0.0065007	0.040534	24.671	28.819	48.935	2.8757	0.37070	0.75085	183.92	1.9886	9.7195	0.0081316
113.30	8.2044	1.2176	0.82130	-87.701	-87.027	1.6746	0.46834	1.2481	642.10	-0.016080	129.57	0.091961	0.0064790	0.040779	24.523	28.816	48.935	2.8746	0.37094	0.75217	183.95	1.9851	9.7308	0.0081448
113.40	8.2552	1.2168	0.82183	-87.580	-86.901	1.6756	0.46816	1.2491	641.26	-0.015922	129.26	0.091828	0.0064573	0.041025	24.376	28.812	48.935	2.8735	0.37119	0.75351	183.97	1.9817	9.7422	0.0081581
113.50	8.3061	1.2160	0.82235	-87.458	-86.775	1.6767	0.46798	1.2501	640.43	-0.015763	128.95	0.091694	0.0064357	0.041272	24.230	28.809	48.934	2.8724	0.37143	0.75485	183.99	1.9782	9.7535	0.0081714
113.60	8.3573	1.2152	0.82288	-87.337	-86.649	1.6778	0.46780	1.2511	639.59	-0.015604	128.63	0.091560	0.0064141	0.041520	24.085	28.805	48.933	2.8713	0.37168	0.75620	184.02	1.9748	9.7649	0.0081847
113.70	8.4087	1.2145	0.82341	-87.215	-86.523	1.6789	0.46762	1.2522	638.75	-0.015443	128.32	0.091427	0.0063925	0.041770	23.941	28.801	48.932	2.8702	0.37193	0.75756	184.04	1.9713	9.7763	0.0081981
113.80	8.4604	1.2137	0.82395	-87.094	-86.397	1.6799	0.46744	1.2532	637.91	-0.015282	128.01	0.091293	0.0063709	0.042021	23.798	28.797	48.931	2.8691	0.37218	0.75892	184.06	1.9679	9.7877	0.0082115
113.90	8.5123	1.2129	0.82448	-86.972	-86.270	1.6810	0.46726	1.2543	637.08	-0.015120	127.70	0.091159	0.0063493	0.042273	23.656	28.793	48.929	2.8680	0.37242	0.76029	184.09	1.9645	9.7992	0.0082250
114.00	8.5644	1.2121	0.82501	-86.850	-86.144	1.6821	0.46708	1.2553	636.24	-0.014957	127.39	0.091026	0.0063277	0.042526	23.515	28.788	48.927	2.8669	0.37267	0.76168	184.11	1.9610	9.8106	0.0082385
114.10	8.6167	1.2113	0.82555	-86.729	-86.017	1.6832	0.46691	1.2564	635.40	-0.014794	127.09	0.090893	0.0063062	0.042781	23.375	28.784	48.925	2.8658	0.37292	0.76307	184.13	1.9576	9.8221	0.0082520
114.20	8.6693	1.2105	0.82609	-86.607	-85.891	1.6842	0.46673	1.2575	634.55	-0.014630	126.78	0.090759	0.0062846	0.043036	23.236	28.779	48.923	2.8647	0.37318	0.76446	184.15	1.9542	9.8336	0.0082657
114.30	8.7221	1.2097	0.82663	-86.485	-85.764	1.6853	0.46655	1.2585	633.71	-0.014464	126.47	0.090626	0.0062631	0.043293	23.098	28.774	48.921	2.8636	0.37343	0.76587	184.18	1.9508	9.8451	0.0082793
114.40	8.7751	1.2089	0.82717	-86.363	-85.637	1.6864	0.46638	1.2596	632.87	-0.014298	126.17	0.090493	0.0062416	0.043551	22.961	28.770	48.918	2.8625	0.37368	0.76729	184.20	1.9474	9.8566	0.0082930
114.50	8.8283	1.2082	0.82771	-86.241	-85.510	1.6874	0.46620	1.2607	632.03	-0.014131	125.86	0.090360	0.0062201	0.043811	22.825	28.764	48.916	2.8615	0.37393	0.76871	184.22	1.9441	9.8682	0.0083068
114.60	8.8818	1.2074	0.82825	-86.119	-85.383	1.6885	0.46603	1.2618	631.18	-0.013964	125.56	0.090226	0.0061986	0.044071	22.691	28.759	48.913	2.8604	0.37419	0.77014	184.24	1.9407	9.8797	0.0083206
114.70	8.9355	1.2066	0.82880	-85.996	-85.256	1.6896	0.46585	1.2629	630.34	-0.013795	125.26	0.090093	0.0061772	0.044333	22.557	28.754	48.909	2.8593	0.37444	0.77158	184.26	1.9373	9.8913	0.0083345
114.80	8.9895	1.2058	0.82934	-85.874	-85.129	1.6906	0.46568	1.2640	629.49	-0.013625	124.95	0.089960	0.0061557	0.044596	22.423	28.748	48.906	2.8582	0.37470	0.77303	184.28	1.9340	9.9030	0.0083484
114.90	9.0437	1.2050	0.82989	-85.752	-85.001	1.6917	0.46551	1.2651	628.64	-0.013455	124.65	0.089827	0.0061343	0.044861	22.291	28.743	48.902	2.8571	0.37496	0.77449	184.31	1.9306	9.9146	0.0083624
115.00	9.0981	1.2042	0.83044	-85.629	-84.874	1.6928	0.46534	1.2663	627.79	-0.013284	124.35	0.089695	0.0061129	0.045126	22.160	28.737	48.898	2.8560	0.37522	0.77596	184.33	1.9272	9.9262	0.0083764
115.10	9.1528	1.2034	0.83099	-85.507	-84.746	1.6939	0.46517	1.2674	626.94	-0.013112	124.05	0.089562	0.0060915	0.045393	22.030	28.731	48.894	2.8549	0.37547	0.77744	184.35	1.9239	9.9379	0.0083905
115.20	9.2076	1.2026	0.83154	-85.384	-84.618	1.6949	0.46500	1.2685	626.09	-0.012939	123.75	0.089429	0.0060701	0.045661	21.900	28.725	48.890	2.8539	0.37573	0.77892	184.37	1.9206	9.9496	0.0084046
115.30	9.2628	1.2018	0.83210	-85.261	-84.491	1.6960	0.46483	1.2697	625.24	-0.012765	123.46	0.089296	0.0060487	0.045931	21.772	28.719	48.886	2.8528	0.37599	0.78042	184.39	1.9172	9.9613	0.0084188
115.40	9.3181	1.2010	0.83265	-85.138	-84.363	1.6971	0.46466	1.2708	624.39	-0.012590	123.16	0.089164	0.0060273	0.046201	21.644	28.712	48.881	2.8517	0.37626	0.78192	184.41	1.9139	9.9731	0.0084330
115.50	9.3737	1.2002	0.83321	-85.016	-84.235	1.6981	0.46449	1.2720	623.54	-0.012414	122.86	0.089031	0.0060060	0.046473	21.518	28.706	48.876	2.8506	0.37652	0.78344	184.43	1.9106	9.9848	0.0084473
115.60	9.4296	1.1994	0.83377	-84.893	-84.106	1.6992	0.46432	1.2731	622.69	-0.012238	122.57	0.088898	0.0059847	0.046746	21.392	28.699	48.871	2.8495	0.37678	0.78496	184.45	1.9073	9.9966	0.0084617
115.70	9.4856	1.1986	0.83433	-84.770	-83.978	1.7003	0.46415	1.2743	621.83	-0.012060	122.27	0.088766	0.0059634	0.047021	21.267	28.692	48.865	2.8484	0.37705	0.78649	184.47	1.9040	10.008	0.0084761
115.80	9.5419	1.1978	0.83489	-84.647	-83.850	1.7013	0.46399	1.2755	620.98	-0.011882	121.98	0.088634	0.0059421	0.047297	21.143	28.685	48.860	2.8474	0.37731	0.78803	184.48	1.9007	10.020	0.0084905
115.90	9.5985	1.1970	0.83545	-84.523	-83.721	1.7024	0.46382	1.2767	620.12	-0.011703	121.68	0.088501	0.0059208	0.047574	21.020	28.678	48.854	2.8463	0.37758	0.78958	184.50	1.8974	10.032	0.0085050
116.00	9.6553	1.1962	0.83601	-84.400	-83.593	1.7035	0.46366	1.2779	619.26	-0.011522	121.39	0.088369	0.0058995	0.047853	20.898	28.671	48.848	2.8452	0.37785	0.79115	184.52	1.8941	10.044	0.0085196
116.10	9.7123	1.1953	0.83658	-84.277	-83.464	1.7045	0.46349	1.2791	618.41	-0.011341	121.10	0.088237	0.0058783	0.048132	20.776	28.663	48.842	2.8441	0.37811	0.79272	184.54	1.8908	10.056	0.0085342
116.20	9.7696	1.1945	0.83715	-84.153	-83.335	1.7056	0.46333	1.2803	617.55	-0.011159	120.81	0.088105	0.0058570	0.048413	20.655	28.656	48.835	2.8430	0.37838	0.79430	184.56	1.8875	10.068	0.0085489
116.30	9.8271	1.1937	0.83772	-84.030	-83.206	1.7067	0.46316	1.2815	616.69	-0.010976	120.52	0.087972	0.0058358	0.048696	20.536	28.648	48.828	2.8420	0.37865	0.79589	184.58	1.8842	10.080	0.0085636
116.40	9.8849	1.1929	0.83829	-83.906	-83.077	1.7077	0.46300	1.2827	615.83	-0.010792	120.23	0.087840	0.0058146	0.048980	20.417	28.640	48.821	2.8409	0.37892	0.79749	184.59	1.8810	10.092	0.0085784
116.50	9.9429	1.1921	0.83886	-83.782	-82.948	1.7088	0.46284	1.2839	614.96	-0.010607	119.94	0.087708	0.0057934	0.049265	20.298	28.632	48.814	2.8398	0.37919	0.79910	184.61	1.8777	10.104	0.0085933
116.60	10.001	1.1913	0.83943	-83.659	-82.819	1.7099	0.46268	1.2852	614.10	-0.010421	119.65	0.087576	0.0057722	0.049551	20.181	28.624	48.807	2.8387	0.37947	0.80072	184.63	1.8744	10.116	0.0086082
116.70	10.060	1.1905	0.84001	-83.535	-82.690	1.7109	0.46252	1.2864	613.24	-0.010234	119.36	0.087445	0.0057511	0.049839	20.064	28.615	48.799	2.8377	0.37974	0.80235	184.65	1.8712	10.128	0.0086232
116.80	10.118	1.1896	0.84059	-83.411	-82.560	1.7120	0.46236	1.2877	612.37	-0.010046	119.07	0.087313	0.0057299	0.050129	19.949	28.607	48.791	2.8366	0.38002	0.80400	184.66	1.8679	10.140	0.0086382
116.90	10.177	1.1888	0.84117	-83.287	-82.431	1.7131	0.46220	1.2889	611.51	-0.0098567	118.79	0.087181	0.0057088	0.050419	19.834	28.598	48.783	2.8355	0.38029	0.80565	184.68	1.8647	10.152	0.0086533
117.00	10.237	1.1880	0.84175	-83.163	-82.301	1.7141	0.46204	1.2902	610.64	-0.0096667	118.50	0.087049	0.0056877	0.050711	19.720	28.589	48.775	2.8345	0.38057	0.80731	184.70	1.8615	10.164	0.0086685
117.10	10.296	1.1872	0.84233	-83.038	-82.171	1.7152	0.46188	1.2915	609.77	-0.0094757	118.22	0.086918	0.0056666	0.051004	19.606	28.580	48.766	2.8334	0.38084	0.80899	184.71	1.8582	10.176	0.0086837
117.20	10.356	1.1864	0.84291	-82.914	-82.041	1.7163	0.46173	1.2928	608.91	-0.0092838	117.93	0.086786	0.0056455	0.051299	19.493	28.571	48.758	2.8323	0.38112	0.81067	184.73	1.8550	10.188	0.0086990
117.30	10.416	1.1855	0.84350	-82.790	-81.911	1.7173	0.46157	1.2941	608.04	-0.0090908	117.65	0.086655	0.0056244	0.051595	19.382	28.561	48.748	2.8312	0.38140	0.81237	184.74	1.8518	10.200	0.0087143
117.40	10.476	1.1847	0.84408	-82.665	-81.781	1.7184	0.46141	1.2954	607.17	-0.0088967	117.37	0.086523	0.0056034	0.051893	19.270	28.552	48.739	2.8302	0.38168	0.81407	184.76	1.8486	10.213	0.0087297
117.50	10.536	1.1839	0.84467	-82.541	-81.651	1.7195	0.46126	1.2967	606.30	-0.0087017	117.08	0.086392	0.0055823	0.052192	19.160	28.542	48.730	2.8291	0.38196	0.81579	184.77	1.8454	10.225	0.0087452
117.60	10.597	1.1831	0.84526	-82.416	-81.520	1.7205	0.46110	1.2980	605.42	-0.0085055	116.80	0.086261	0.0055613	0.052492	19.050	28.532	48.720	2.8280	0.38225	0.81752	184.79	1.8422	10.237	0.0087607
117.70	10.658	1.1822	0.84586	-82.291	-81.390	1.7216	0.46095	1.2993	604.55	-0.0083084	116.52	0.086129	0.0055403	0.052794	18.942	28.522	48.710	2.8270	0.38253	0.81926	184.80	1.8390	10.249	0.0087763
117.80	10.719	1.1814	0.84645	-82.166	-81.259	1.7227	0.46080	1.3007	603.68	-0.0081102	116.24	0.085998	0.0055193	0.053097	18.833	28.512	48.700	2.8259	0.38281	0.82101	184.82	1.8358	10.262	0.0087920
117.90	10.781	1.1806	0.84705	-82.042	-81.128	1.7237	0.46065	1.3020	602.80	-0.0079109	115.96	0.085867	0.0054984	0.053402	18.726	28.502	48.689	2.8248	0.38310	0.82277	184.83	1.8326	10.274	0.0088077
118.00	10.842	1.1797	0.84764	-81.916	-80.997	1.7248	0.46049	1.3034	601.93	-0.0077106	115.68	0.085736	0.0054774	0.053708	18.619	28.491	48.679	2.8238	0.38339	0.82455	184.85	1.8294	10.286	0.0088235
118.10	10.904	1.1789	0.84824	-81.791	-80.866	1.7259	0.46034	1.3047	601.05	-0.0075091	115.41	0.085605	0.0054565	0.054016	18.513	28.480	48.668	2.8227	0.38367	0.82634	184.86	1.8262	10.299	0.0088394
118.20	10.967	1.1781	0.84884	-81.666	-80.735	1.7269	0.46019	1.3061	600.17	-0.0073066	115.13	0.085474	0.0054356	0.054325	18.408	28.469	48.656	2.8216	0.38396	0.82813	184.88	1.8231	10.311	0.0088553
118.30	11.029	1.1772	0.84945	-81.541	-80.604	1.7280	0.46005	1.3075	599.29	-0.0071030	114.85	0.085343	0.0054147	0.054635	18.303	28.458	48.645	2.8206	0.38425	0.82994	184.89	1.8199	10.324	0.0088713
118.40	11.092	1.1764	0.85005	-81.415	-80.473	1.7291	0.45990	1.3089	598.41	-0.0068983	114.57	0.085212	0.0053938	0.054947	18.199	28.447	48.633	2.8195	0.38454	0.83177	184.90	1.8167	10.336	0.0088874
118.50	11.155	1.1756	0.85066	-81.290	-80.341	1.7301	0.45975	1.3102	597.53	-0.0066925	114.30	0.085081	0.0053729	0.055261	18.096	28.436	48.621	2.8184	0.38483	0.83360	184.92	1.8136	10.348	0.0089036
118.60	11.218	1.1747	0.85127	-81.164	-80.209	1.7312	0.45960	1.3117	596.65	-0.0064856	114.02	0.084951	0.0053520	0.055575	17.994	28.424	48.609	2.8174	0.38513	0.83545	184.93	1.8104	10.361	0.0089198
118.70	11.281	1.1739	0.85188	-81.039	-80.078	1.7323	0.45946	1.3131	595.77	-0.0062775	113.75	0.084820	0.0053312	0.055892	17.892	28.412	48.597	2.8163	0.38542	0.83730	184.94	1.8073	10.374	0.0089360
118.80	11.345	1.1730	0.85249	-80.913	-79.946	1.7333	0.45931	1.3145	594.88	-0.0060683	113.48	0.084689	0.0053104	0.056210	17.790	28.401	48.584	2.8152	0.38572	0.83918	184.95	1.8041	10.386	0.0089524
118.90	11.409	1.1722	0.85310	-80.787	-79.814	1.7344	0.45917	1.3159	594.00	-0.0058580	113.20	0.084559	0.0052896	0.056529	17.690	28.388	48.571	2.8142	0.38601	0.84106	184.97	1.8010	10.399	0.0089688
119.00	11.473	1.1713	0.85372	-80.661	-79.682	1.7355	0.45902	1.3174	593.11	-0.0056465	112.93	0.084428	0.0052688	0.056850	17.590	28.376	48.558	2.8131	0.38631	0.84296	184.98	1.7979	10.411	0.0089853
119.10	11.538	1.1705	0.85434	-80.535	-79.549	1.7365	0.45888	1.3188	592.22	-0.0054339	112.66	0.084298	0.0052480	0.057173	17.491	28.364	48.545	2.8120	0.38661	0.84487	184.99	1.7947	10.424	0.0090019
119.20	11.603	1.1697	0.85496	-80.409	-79.417	1.7376	0.45874	1.3203	591.33	-0.0052201	112.39	0.084168	0.0052272	0.057497	17.392	28.351	48.531	2.8110	0.38691	0.84679	185.00	1.7916	10.437	0.0090185
119.30	11.668	1.1688	0.85558	-80.283	-79.284	1.7386	0.45860	1.3218	590.45	-0.0050051	112.12	0.084037	0.0052065	0.057822	17.294	28.338	48.517	2.8099	0.38721	0.84872	185.01	1.7885	10.449	0.0090353
119.40	11.733	1.1680	0.85620	-80.156	-79.152	1.7397	0.45846	1.3232	589.56	-0.0047890	111.85	0.083907	0.0051858	0.058149	17.197	28.325	48.503	2.8088	0.38751	0.85067	185.02	1.7854	10.462	0.0090520
119.50	11.799	1.1671	0.85683	-80.030	-79.019	1.7408	0.45832	1.3247	588.66	-0.0045716	111.58	0.083777	0.0051650	0.058478	17.101	28.312	48.489	2.8078	0.38781	0.85264	185.03	1.7823	10.475	0.0090689
119.60	11.864	1.1662	0.85745	-79.903	-78.886	1.7418	0.45818	1.3262	587.77	-0.0043530	111.31	0.083647	0.0051443	0.058808	17.004	28.299	48.474	2.8067	0.38811	0.85461	185.05	1.7791	10.488	0.0090859
119.70	11.931	1.1654	0.85808	-79.777	-78.753	1.7429	0.45804	1.3278	586.88	-0.0041333	111.04	0.083517	0.0051237	0.059140	16.909	28.285	48.459	2.8057	0.38842	0.85660	185.06	1.7760	10.500	0.0091029
119.80	11.997	1.1645	0.85871	-79.650	-78.620	1.7440	0.45790	1.3293	585.98	-0.0039123	110.77	0.083387	0.0051030	0.059473	16.814	28.272	48.444	2.8046	0.38872	0.85860	185.07	1.7729	10.513	0.0091200
119.90	12.064	1.1637	0.85935	-79.523	-78.486	1.7450	0.45776	1.3308	585.09	-0.0036901	110.51	0.083257	0.0050824	0.059808	16.720	28.258	48.428	2.8035	0.38903	0.86062	185.08	1.7699	10.526	0.0091372
120.00	12.130	1.1628	0.85998	-79.396	-78.353	1.7461	0.45763	1.3324	584.19	-0.0034666	110.24	0.083127	0.0050617	0.060144	16.627	28.244	48.413	2.8025	0.38934	0.86265	185.09	1.7668	10.539	0.0091544
120.10	12.198	1.1620	0.86062	-79.269	-78.219	1.7472	0.45749	1.3339	583.29	-0.0032419	109.97	0.082997	0.0050411	0.060483	16.534	28.230	48.397	2.8014	0.38965	0.86470	185.10	1.7637	10.552	0.0091718
120.20	12.265	1.1611	0.86126	-79.142	-78.086	1.7482	0.45736	1.3355	582.39	-0.0030160	109.71	0.082868	0.0050205	0.060822	16.441	28.215	48.380	2.8004	0.38996	0.86676	185.10	1.7606	10.565	0.0091892
120.30	12.333	1.1602	0.86190	-79.015	-77.952	1.7493	0.45723	1.3370	581.49	-0.0027887	109.44	0.082738	0.0050000	0.061164	16.350	28.201	48.364	2.7993	0.39027	0.86883	185.11	1.7575	10.578	0.0092067
120.40	12.400	1.1594	0.86254	-78.887	-77.818	1.7504	0.45709	1.3386	580.59	-0.0025602	109.18	0.082608	0.0049794	0.061506	16.258	28.186	48.347	2.7982	0.39058	0.87092	185.12	1.7544	10.591	0.0092243
120.50	12.469	1.1585	0.86318	-78.760	-77.683	1.7514	0.45696	1.3402	579.69	-0.0023305	108.92	0.082479	0.0049589	0.061851	16.168	28.171	48.330	2.7972	0.39090	0.87302	185.13	1.7514	10.604	0.0092419
120.60	12.537	1.1576	0.86383	-78.632	-77.549	1.7525	0.45683	1.3418	578.79	-0.0020994	108.65	0.082349	0.0049383	0.062197	16.078	28.156	48.313	2.7961	0.39121	0.87514	185.14	1.7483	10.617	0.0092597
120.70	12.606	1.1568	0.86448	-78.504	-77.415	1.7536	0.45670	1.3435	577.88	-0.0018670	108.39	0.082220	0.0049178	0.062545	15.988	28.140	48.295	2.7951	0.39153	0.87727	185.15	1.7452	10.630	0.0092775
120.80	12.675	1.1559	0.86513	-78.377	-77.280	1.7546	0.45657	1.3451	576.98	-0.0016333	108.13	0.082090	0.0048973	0.062895	15.900	28.125	48.277	2.7940	0.39185	0.87942	185.16	1.7422	10.643	0.0092954
120.90	12.744	1.1550	0.86579	-78.249	-77.145	1.7557	0.45644	1.3467	576.07	-0.0013983	107.87	0.081961	0.0048769	0.063246	15.811	28.109	48.259	2.7929	0.39217	0.88158	185.16	1.7391	10.657	0.0093134
121.00	12.814	1.1541	0.86644	-78.121	-77.010	1.7568	0.45631	1.3484	575.16	-0.0011619	107.61	0.081832	0.0048564	0.063599	15.724	28.093	48.241	2.7919	0.39249	0.88376	185.17	1.7361	10.670	0.0093315
121.10	12.884	1.1533	0.86710	-77.993	-76.875	1.7578	0.45619	1.3500	574.25	-0.00092422	107.34	0.081703	0.0048360	0.063953	15.636	28.077	48.222	2.7908	0.39281	0.88596	185.18	1.7330	10.683	0.0093497
121.20	12.954	1.1524	0.86776	-77.864	-76.740	1.7589	0.45606	1.3517	573.34	-0.00068516	107.08	0.081574	0.0048155	0.064309	15.550	28.061	48.203	2.7898	0.39313	0.88817	185.18	1.7300	10.696	0.0093680
121.30	13.024	1.1515	0.86842	-77.736	-76.605	1.7599	0.45594	1.3534	572.43	-0.00044474	106.83	0.081445	0.0047951	0.064667	15.464	28.044	48.184	2.7887	0.39345	0.89039	185.19	1.7270	10.710	0.0093863
121.40	13.095	1.1506	0.86908	-77.608	-76.470	1.7610	0.45581	1.3551	571.52	-0.00020293	106.57	0.081316	0.0047747	0.065027	15.378	28.027	48.164	2.7877	0.39378	0.89264	185.20	1.7239	10.723	0.0094048
121.50	13.165	1.1498	0.86975	-77.479	-76.334	1.7621	0.45569	1.3568	570.60	4.0259e-05	106.31	0.081187	0.0047544	0.065388	15.293	28.010	48.145	2.7866	0.39410	0.89489	185.20	1.7209	10.736	0.0094233
121.60	13.237	1.1489	0.87042	-77.350	-76.198	1.7631	0.45557	1.3585	569.69	0.00028485	106.05	0.081058	0.0047340	0.065751	15.209	27.993	48.125	2.7855	0.39443	0.89717	185.21	1.7179	10.750	0.0094419
121.70	13.308	1.1480	0.87109	-77.222	-76.062	1.7642	0.45545	1.3603	568.77	0.00053085	105.79	0.080929	0.0047137	0.066116	15.125	27.976	48.104	2.7845	0.39476	0.89946	185.22	1.7148	10.763	0.0094606
121.80	13.380	1.1471	0.87176	-77.093	-75.926	1.7653	0.45532	1.3620	567.86	0.00077827	105.54	0.080800	0.0046934	0.066483	15.041	27.959	48.084	2.7834	0.39509	0.90177	185.22	1.7118	10.777	0.0094794
121.90	13.452	1.1462	0.87244	-76.964	-75.790	1.7663	0.45521	1.3638	566.94	0.0010271	105.28	0.080671	0.0046731	0.066851	14.959	27.941	48.063	2.7824	0.39542	0.90410	185.23	1.7088	10.790	0.0094983
122.00	13.524	1.1453	0.87311	-76.834	-75.654	1.7674	0.45509	1.3656	566.02	0.0012774	105.02	0.080543	0.0046528	0.067221	14.876	27.923	48.042	2.7813	0.39575	0.90644	185.23	1.7058	10.804	0.0095173
122.10	13.597	1.1444	0.87379	-76.705	-75.517	1.7685	0.45497	1.3673	565.10	0.0015292	104.77	0.080414	0.0046325	0.067593	14.794	27.905	48.020	2.7802	0.39609	0.90880	185.24	1.7028	10.818	0.0095364
122.20	13.669	1.1435	0.87447	-76.576	-75.381	1.7695	0.45485	1.3691	564.17	0.0017824	104.51	0.080286	0.0046123	0.067967	14.713	27.887	47.999	2.7792	0.39642	0.91118	185.24	1.6998	10.831	0.0095556
122.30	13.742	1.1427	0.87516	-76.446	-75.244	1.7706	0.45474	1.3710	563.25	0.0020371	104.26	0.080157	0.0045920	0.068342	14.632	27.868	47.976	2.7781	0.39676	0.91357	185.25	1.6968	10.845	0.0095749
122.40	13.816	1.1418	0.87584	-76.317	-75.107	1.7717	0.45462	1.3728	562.33	0.0022933	104.01	0.080029	0.0045718	0.068719	14.552	27.849	47.954	2.7771	0.39710	0.91599	185.25	1.6938	10.859	0.0095943
122.50	13.890	1.1409	0.87653	-76.187	-74.970	1.7727	0.45451	1.3746	561.40	0.0025510	103.75	0.079900	0.0045516	0.069098	14.472	27.830	47.932	2.7760	0.39744	0.91842	185.25	1.6908	10.872	0.0096138
122.60	13.963	1.1400	0.87722	-76.057	-74.832	1.7738	0.45439	1.3765	560.47	0.0028102	103.50	0.079772	0.0045315	0.069479	14.393	27.811	47.909	2.7750	0.39778	0.92087	185.26	1.6878	10.886	0.0096334
122.70	14.038	1.1391	0.87792	-75.927	-74.695	1.7749	0.45428	1.3783	559.54	0.0030709	103.25	0.079644	0.0045113	0.069862	14.314	27.792	47.885	2.7739	0.39812	0.92334	185.26	1.6848	10.900	0.0096531
122.80	14.112	1.1382	0.87861	-75.797	-74.557	1.7759	0.45417	1.3802	558.62	0.0033332	103.00	0.079516	0.0044912	0.070246	14.236	27.773	47.862	2.7728	0.39846	0.92582	185.27	1.6818	10.914	0.0096729
122.90	14.187	1.1373	0.87931	-75.667	-74.420	1.7770	0.45406	1.3821	557.68	0.0035970	102.74	0.079388	0.0044710	0.070633	14.158	27.753	47.838	2.7718	0.39881	0.92833	185.27	1.6788	10.928	0.0096928
123.00	14.262	1.1363	0.88001	-75.537	-74.282	1.7781	0.45395	1.3840	556.75	0.0038624	102.49	0.079260	0.0044509	0.071021	14.080	27.733	47.814	2.7707	0.39915	0.93085	185.27	1.6758	10.942	0.0097128
123.10	14.337	1.1354	0.88071	-75.406	-74.144	1.7792	0.45384	1.3859	555.82	0.0041294	102.24	0.079132	0.0044309	0.071411	14.003	27.713	47.790	2.7697	0.39950	0.93340	185.27	1.6728	10.955	0.0097329
123.20	14.413	1.1345	0.88142	-75.276	-74.005	1.7802	0.45373	1.3879	554.88	0.0043980	101.99	0.079004	0.0044108	0.071803	13.927	27.692	47.765	2.7686	0.39985	0.93596	185.28	1.6699	10.969	0.0097531
123.30	14.489	1.1336	0.88213	-75.145	-73.867	1.7813	0.45363	1.3898	553.95	0.0046681	101.74	0.078876	0.0043907	0.072197	13.851	27.672	47.740	2.7676	0.40020	0.93854	185.28	1.6669	10.984	0.0097734
123.40	14.565	1.1327	0.88284	-75.014	-73.728	1.7824	0.45352	1.3918	553.01	0.0049399	101.49	0.078748	0.0043707	0.072593	13.775	27.651	47.715	2.7665	0.40055	0.94115	185.28	1.6639	10.998	0.0097938
123.50	14.642	1.1318	0.88355	-74.883	-73.590	1.7834	0.45342	1.3938	552.07	0.0052133	101.25	0.078620	0.0043507	0.072991	13.700	27.630	47.689	2.7654	0.40091	0.94377	185.28	1.6609	11.012	0.0098144
123.60	14.718	1.1309	0.88426	-74.752	-73.451	1.7845	0.45332	1.3957	551.13	0.0054884	101.00	0.078493	0.0043307	0.073390	13.626	27.609	47.663	2.7644	0.40126	0.94642	185.28	1.6580	11.026	0.0098350
123.70	14.795	1.1300	0.88498	-74.621	-73.312	1.7856	0.45321	1.3978	550.19	0.0057651	100.75	0.078365	0.0043107	0.073792	13.552	27.587	47.637	2.7633	0.40162	0.94908	185.28	1.6550	11.040	0.0098558
123.80	14.873	1.1290	0.88570	-74.490	-73.172	1.7866	0.45311	1.3998	549.25	0.0060435	100.50	0.078237	0.0042908	0.074195	13.478	27.565	47.611	2.7623	0.40197	0.95177	185.28	1.6521	11.054	0.0098766
123.90	14.950	1.1281	0.88643	-74.358	-73.033	1.7877	0.45301	1.4018	548.31	0.0063236	100.25	0.078110	0.0042708	0.074601	13.405	27.544	47.584	2.7612	0.40233	0.95447	185.29	1.6491	11.069	0.0098976
124.00	15.028	1.1272	0.88715	-74.227	-72.893	1.7888	0.45291	1.4039	547.36	0.0066053	100.01	0.077983	0.0042509	0.075008	13.332	27.521	47.557	2.7601	0.40269	0.95720	185.29	1.6461	11.083	0.0099187
124.10	15.106	1.1263	0.88788	-74.095	-72.754	1.7898	0.45281	1.4059	546.41	0.0068888	99.762	0.077855	0.0042310	0.075418	13.259	27.499	47.529	2.7591	0.40306	0.95995	185.29	1.6432	11.097	0.0099399
124.20	15.185	1.1254	0.88861	-73.963	-72.614	1.7909	0.45272	1.4080	545.47	0.0071741	99.516	0.077728	0.0042111	0.075829	13.188	27.477	47.502	2.7580	0.40342	0.96272	185.29	1.6402	11.112	0.0099613
124.30	15.264	1.1244	0.88934	-73.831	-72.474	1.7920	0.45262	1.4101	544.52	0.0074610	99.271	0.077601	0.0041913	0.076243	13.116	27.454	47.474	2.7570	0.40379	0.96552	185.29	1.6373	11.126	0.0099827
124.40	15.343	1.1235	0.89008	-73.699	-72.333	1.7931	0.45253	1.4122	543.57	0.0077498	99.026	0.077473	0.0041714	0.076658	13.045	27.431	47.445	2.7559	0.40415	0.96833	185.28	1.6344	11.141	0.010004
124.50	15.422	1.1226	0.89082	-73.567	-72.193	1.7941	0.45243	1.4144	542.61	0.0080403	98.782	0.077346	0.0041516	0.077076	12.974	27.407	47.417	2.7548	0.40452	0.97117	185.28	1.6314	11.155	0.010026
124.60	15.502	1.1216	0.89156	-73.434	-72.052	1.7952	0.45234	1.4165	541.66	0.0083326	98.538	0.077219	0.0041318	0.077495	12.904	27.384	47.388	2.7538	0.40489	0.97403	185.28	1.6285	11.170	0.010048
124.70	15.582	1.1207	0.89230	-73.302	-71.911	1.7963	0.45225	1.4187	540.71	0.0086267	98.294	0.077092	0.0041120	0.077917	12.834	27.360	47.358	2.7527	0.40526	0.97692	185.28	1.6255	11.184	0.010070
124.80	15.662	1.1198	0.89305	-73.169	-71.770	1.7973	0.45216	1.4209	539.75	0.0089226	98.051	0.076965	0.0040922	0.078340	12.765	27.336	47.329	2.7517	0.40563	0.97982	185.28	1.6226	11.199	0.010092
124.90	15.742	1.1188	0.89380	-73.036	-71.629	1.7984	0.45207	1.4231	538.79	0.0092203	97.808	0.076838	0.0040725	0.078766	12.696	27.312	47.299	2.7506	0.40601	0.98275	185.28	1.6197	11.214	0.010114
125.00	15.823	1.1179	0.89455	-72.903	-71.488	1.7995	0.45198	1.4253	537.83	0.0095199	97.565	0.076711	0.0040527	0.079194	12.627	27.288	47.268	2.7495	0.40638	0.98571	185.28	1.6167	11.228	0.010136
125.10	15.904	1.1169	0.89531	-72.770	-71.346	1.8006	0.45189	1.4275	536.87	0.0098214	97.323	0.076584	0.0040330	0.079624	12.559	27.263	47.238	2.7485	0.40676	0.98869	185.27	1.6138	11.243	0.010159
125.20	15.986	1.1160	0.89606	-72.637	-71.205	1.8016	0.45180	1.4298	535.91	0.010125	97.081	0.076458	0.0040133	0.080056	12.491	27.238	47.207	2.7474	0.40714	0.99169	185.27	1.6109	11.258	0.010181
125.30	16.068	1.1150	0.89682	-72.504	-71.063	1.8027	0.45172	1.4321	534.95	0.010430	96.840	0.076331	0.0039937	0.080490	12.424	27.213	47.175	2.7464	0.40752	0.99472	185.27	1.6079	11.273	0.010204
125.40	16.150	1.1141	0.89759	-72.370	-70.921	1.8038	0.45164	1.4344	533.98	0.010737	96.599	0.076204	0.0039740	0.080926	12.357	27.188	47.144	2.7453	0.40791	0.99778	185.27	1.6050	11.288	0.010227
125.50	16.232	1.1131	0.89835	-72.237	-70.779	1.8049	0.45155	1.4367	533.02	0.011046	96.358	0.076078	0.0039544	0.081365	12.290	27.162	47.112	2.7442	0.40829	1.0009	185.26	1.6021	11.303	0.010250
125.60	16.314	1.1122	0.89912	-72.103	-70.636	1.8059	0.45147	1.4390	532.05	0.011357	96.118	0.075951	0.0039348	0.081805	12.224	27.136	47.079	2.7432	0.40868	1.0040	185.26	1.5992	11.318	0.010273
125.70	16.397	1.1112	0.89989	-71.969	-70.493	1.8070	0.45139	1.4413	531.08	0.011671	95.878	0.075825	0.0039152	0.082248	12.158	27.110	47.047	2.7421	0.40906	1.0071	185.25	1.5963	11.333	0.010296
125.80	16.481	1.1103	0.90067	-71.835	-70.351	1.8081	0.45131	1.4437	530.11	0.011986	95.639	0.075698	0.0038956	0.082693	12.093	27.084	47.014	2.7410	0.40945	1.0102	185.25	1.5933	11.348	0.010320
125.90	16.564	1.1093	0.90145	-71.701	-70.208	1.8092	0.45123	1.4461	529.14	0.012303	95.399	0.075572	0.0038760	0.083140	12.028	27.057	46.981	2.7400	0.40984	1.0134	185.25	1.5904	11.363	0.010343
126.00	16.648	1.1084	0.90223	-71.566	-70.064	1.8102	0.45116	1.4485	528.16	0.012622	95.161	0.075445	0.0038565	0.083590	11.963	27.031	46.947	2.7389	0.41024	1.0166	185.24	1.5875	11.378	0.010367
126.10	16.732	1.1074	0.90301	-71.432	-69.921	1.8113	0.45108	1.4509	527.19	0.012943	94.922	0.075319	0.0038370	0.084041	11.899	27.004	46.913	2.7378	0.41063	1.0199	185.24	1.5846	11.394	0.010391
126.20	16.816	1.1064	0.90380	-71.297	-69.777	1.8124	0.45101	1.4534	526.21	0.013266	94.684	0.075193	0.0038175	0.084495	11.835	26.976	46.878	2.7368	0.41103	1.0231	185.23	1.5817	11.409	0.010414
126.30	16.901	1.1055	0.90459	-71.162	-69.634	1.8135	0.45093	1.4558	525.23	0.013591	94.446	0.075067	0.0037980	0.084951	11.771	26.949	46.844	2.7357	0.41142	1.0264	185.23	1.5788	11.424	0.010439
126.40	16.986	1.1045	0.90538	-71.027	-69.490	1.8146	0.45086	1.4583	524.26	0.013919	94.209	0.074941	0.0037785	0.085410	11.708	26.921	46.809	2.7346	0.41182	1.0298	185.22	1.5759	11.440	0.010463
126.50	17.071	1.1035	0.90618	-70.892	-69.345	1.8156	0.45079	1.4608	523.27	0.014248	93.972	0.074815	0.0037591	0.085870	11.645	26.893	46.773	2.7336	0.41222	1.0331	185.21	1.5730	11.455	0.010487
126.60	17.157	1.1026	0.90698	-70.757	-69.201	1.8167	0.45072	1.4634	522.29	0.014580	93.735	0.074688	0.0037397	0.086333	11.583	26.864	46.738	2.7325	0.41263	1.0365	185.21	1.5701	11.471	0.010512
126.70	17.243	1.1016	0.90778	-70.622	-69.056	1.8178	0.45065	1.4659	521.31	0.014914	93.498	0.074563	0.0037203	0.086799	11.521	26.836	46.701	2.7314	0.41303	1.0399	185.20	1.5672	11.486	0.010536
126.80	17.329	1.1006	0.90859	-70.486	-68.912	1.8189	0.45059	1.4685	520.32	0.015250	93.262	0.074437	0.0037009	0.087266	11.459	26.807	46.665	2.7304	0.41344	1.0433	185.20	1.5643	11.502	0.010561
126.90	17.416	1.0996	0.90940	-70.350	-68.766	1.8200	0.45052	1.4711	519.33	0.015588	93.027	0.074311	0.0036816	0.087736	11.398	26.778	46.628	2.7293	0.41385	1.0468	185.19	1.5614	11.518	0.010586
127.00	17.503	1.0987	0.91021	-70.214	-68.621	1.8210	0.45046	1.4737	518.34	0.015928	92.791	0.074185	0.0036622	0.088209	11.337	26.749	46.591	2.7282	0.41426	1.0503	185.18	1.5585	11.533	0.010611
127.10	17.590	1.0977	0.91102	-70.078	-68.476	1.8221	0.45039	1.4763	517.35	0.016271	92.556	0.074059	0.0036429	0.088683	11.276	26.719	46.553	2.7272	0.41467	1.0538	185.17	1.5556	11.549	0.010637
127.20	17.677	1.0967	0.91184	-69.942	-68.330	1.8232	0.45033	1.4790	516.36	0.016616	92.321	0.073933	0.0036236	0.089161	11.216	26.689	46.515	2.7261	0.41508	1.0574	185.17	1.5527	11.565	0.010662
127.30	17.765	1.0957	0.91266	-69.806	-68.184	1.8243	0.45027	1.4816	515.37	0.016963	92.087	0.073808	0.0036043	0.089640	11.156	26.659	46.477	2.7250	0.41550	1.0610	185.16	1.5498	11.581	0.010688
127.40	17.853	1.0947	0.91349	-69.669	-68.038	1.8254	0.45021	1.4843	514.37	0.017312	91.852	0.073682	0.0035851	0.090122	11.096	26.628	46.438	2.7239	0.41592	1.0646	185.15	1.5469	11.597	0.010714
127.50	17.942	1.0937	0.91432	-69.532	-67.892	1.8265	0.45016	1.4871	513.38	0.017664	91.618	0.073557	0.0035658	0.090607	11.037	26.598	46.399	2.7229	0.41633	1.0683	185.14	1.5440	11.613	0.010739
127.60	18.030	1.0927	0.91515	-69.396	-67.746	1.8275	0.45010	1.4898	512.38	0.018018	91.385	0.073431	0.0035466	0.091093	10.978	26.567	46.360	2.7218	0.41676	1.0720	185.13	1.5411	11.629	0.010766
127.70	18.119	1.0917	0.91599	-69.259	-67.599	1.8286	0.45004	1.4926	511.38	0.018375	91.151	0.073306	0.0035274	0.091583	10.919	26.535	46.320	2.7207	0.41718	1.0757	185.12	1.5382	11.645	0.010792
127.80	18.209	1.0907	0.91682	-69.121	-67.452	1.8297	0.44999	1.4954	510.37	0.018734	90.918	0.073180	0.0035083	0.092075	10.861	26.504	46.280	2.7196	0.41760	1.0795	185.11	1.5353	11.661	0.010818
127.90	18.298	1.0897	0.91767	-68.984	-67.305	1.8308	0.44994	1.4982	509.37	0.019095	90.686	0.073055	0.0034891	0.092569	10.803	26.472	46.239	2.7186	0.41803	1.0832	185.11	1.5324	11.677	0.010845
128.00	18.388	1.0887	0.91851	-68.846	-67.157	1.8319	0.44989	1.5011	508.36	0.019459	90.453	0.072930	0.0034700	0.093066	10.745	26.440	46.198	2.7175	0.41846	1.0871	185.10	1.5295	11.694	0.010872
128.10	18.479	1.0877	0.91936	-68.709	-67.010	1.8330	0.44984	1.5039	507.36	0.019825	90.221	0.072804	0.0034509	0.093565	10.688	26.408	46.157	2.7164	0.41889	1.0909	185.09	1.5266	11.710	0.010899
128.20	18.569	1.0867	0.92021	-68.571	-66.862	1.8341	0.44979	1.5068	506.35	0.020194	89.989	0.072679	0.0034318	0.094067	10.631	26.375	46.115	2.7153	0.41932	1.0948	185.08	1.5237	11.726	0.010926
128.30	18.660	1.0857	0.92107	-68.433	-66.714	1.8352	0.44975	1.5098	505.34	0.020565	89.757	0.072554	0.0034127	0.094572	10.574	26.342	46.073	2.7142	0.41976	1.0988	185.06	1.5209	11.743	0.010953
128.40	18.751	1.0847	0.92193	-68.294	-66.566	1.8362	0.44970	1.5127	504.33	0.020939	89.526	0.072429	0.0033937	0.095079	10.518	26.309	46.031	2.7132	0.42019	1.1027	185.05	1.5180	11.759	0.010981
128.50	18.843	1.0837	0.92280	-68.156	-66.417	1.8373	0.44966	1.5157	503.31	0.021315	89.295	0.072304	0.0033747	0.095589	10.462	26.275	45.988	2.7121	0.42063	1.1067	185.04	1.5151	11.776	0.011009
128.60	18.935	1.0826	0.92366	-68.017	-66.268	1.8384	0.44962	1.5187	502.30	0.021694	89.064	0.072179	0.0033557	0.096101	10.406	26.242	45.945	2.7110	0.42107	1.1108	185.03	1.5122	11.793	0.011036
128.70	19.027	1.0816	0.92453	-67.879	-66.120	1.8395	0.44958	1.5217	501.28	0.022076	88.834	0.072054	0.0033367	0.096616	10.350	26.208	45.901	2.7099	0.42151	1.1149	185.02	1.5093	11.809	0.011064
128.80	19.119	1.0806	0.92541	-67.740	-65.970	1.8406	0.44954	1.5248	500.26	0.022460	88.603	0.071929	0.0033177	0.097134	10.295	26.173	45.857	2.7088	0.42196	1.1190	185.01	1.5064	11.826	0.011093
128.90	19.212	1.0796	0.92629	-67.601	-65.821	1.8417	0.44950	1.5279	499.24	0.022847	88.373	0.071804	0.0032988	0.097654	10.240	26.139	45.812	2.7077	0.42241	1.1232	185.00	1.5036	11.843	0.011121
129.00	19.305	1.0786	0.92717	-67.461	-65.671	1.8428	0.44947	1.5310	498.21	0.023236	88.143	0.071679	0.0032799	0.098177	10.186	26.104	45.767	2.7067	0.42285	1.1274	184.98	1.5007	11.860	0.011150
129.10	19.399	1.0775	0.92806	-67.322	-65.521	1.8439	0.44943	1.5341	497.19	0.023628	87.914	0.071554	0.0032610	0.098703	10.131	26.068	45.722	2.7056	0.42330	1.1316	184.97	1.4978	11.877	0.011179
129.20	19.493	1.0765	0.92895	-67.182	-65.371	1.8450	0.44940	1.5373	496.16	0.024023	87.685	0.071429	0.0032421	0.099231	10.077	26.033	45.676	2.7045	0.42376	1.1359	184.96	1.4949	11.894	0.011208
129.30	19.587	1.0755	0.92984	-67.042	-65.221	1.8461	0.44937	1.5405	495.13	0.024421	87.456	0.071305	0.0032233	0.099763	10.024	25.997	45.630	2.7034	0.42421	1.1402	184.95	1.4920	11.911	0.011237
129.40	19.681	1.0744	0.93074	-66.902	-65.070	1.8472	0.44934	1.5438	494.10	0.024822	87.227	0.071180	0.0032044	0.10030	9.9704	25.961	45.584	2.7023	0.42467	1.1446	184.93	1.4891	11.928	0.011267
129.50	19.776	1.0734	0.93164	-66.762	-64.919	1.8483	0.44931	1.5470	493.07	0.025225	86.998	0.071055	0.0031856	0.10083	9.9173	25.924	45.537	2.7012	0.42513	1.1490	184.92	1.4863	11.945	0.011296
129.60	19.871	1.0723	0.93255	-66.621	-64.768	1.8494	0.44929	1.5503	492.04	0.025632	86.770	0.070931	0.0031668	0.10137	9.8645	25.887	45.489	2.7001	0.42559	1.1534	184.90	1.4834	11.963	0.011326
129.70	19.966	1.0713	0.93346	-66.481	-64.617	1.8505	0.44926	1.5537	491.00	0.026041	86.542	0.070806	0.0031481	0.10192	9.8120	25.850	45.441	2.6990	0.42605	1.1579	184.89	1.4805	11.980	0.011356
129.80	20.062	1.0702	0.93437	-66.340	-64.465	1.8516	0.44924	1.5570	489.96	0.026453	86.314	0.070681	0.0031293	0.10246	9.7598	25.813	45.393	2.6979	0.42652	1.1625	184.88	1.4776	11.997	0.011386
129.90	20.158	1.0692	0.93529	-66.199	-64.313	1.8527	0.44922	1.5604	488.93	0.026868	86.086	0.070557	0.0031106	0.10301	9.7078	25.775	45.344	2.6968	0.42698	1.1671	184.86	1.4747	12.015	0.011417
130.00	20.255	1.0681	0.93621	-66.057	-64.161	1.8538	0.44920	1.5638	487.88	0.027286	85.859	0.070432	0.0030919	0.10356	9.6561	25.737	45.295	2.6957	0.42745	1.1717	184.85	1.4719	12.032	0.011448
130.10	20.351	1.0671	0.93714	-65.916	-64.009	1.8549	0.44918	1.5673	486.84	0.027707	85.631	0.070308	0.0030733	0.10412	9.6047	25.699	45.246	2.6946	0.42793	1.1764	184.83	1.4690	12.050	0.011479
130.20	20.448	1.0660	0.93807	-65.774	-63.856	1.8560	0.44917	1.5708	485.79	0.028131	85.404	0.070184	0.0030546	0.10467	9.5536	25.660	45.196	2.6936	0.42840	1.1811	184.82	1.4661	12.068	0.011510
130.30	20.546	1.0650	0.93901	-65.632	-63.703	1.8571	0.44915	1.5743	484.75	0.028558	85.177	0.070059	0.0030360	0.10523	9.5028	25.621	45.145	2.6925	0.42888	1.1859	184.80	1.4632	12.086	0.011541
130.40	20.643	1.0639	0.93995	-65.490	-63.550	1.8582	0.44914	1.5779	483.70	0.028989	84.951	0.069935	0.0030174	0.10580	9.4522	25.582	45.094	2.6914	0.42935	1.1907	184.78	1.4603	12.103	0.011573
130.50	20.742	1.0628	0.94089	-65.348	-63.397	1.8593	0.44913	1.5815	482.65	0.029422	84.724	0.069811	0.0029988	0.10636	9.4019	25.542	45.043	2.6902	0.42984	1.1956	184.77	1.4575	12.121	0.011605
130.60	20.840	1.0618	0.94184	-65.206	-63.243	1.8604	0.44912	1.5851	481.59	0.029859	84.498	0.069686	0.0029802	0.10693	9.3519	25.502	44.991	2.6891	0.43032	1.2005	184.75	1.4546	12.139	0.011637
130.70	20.939	1.0607	0.94279	-65.063	-63.089	1.8615	0.44912	1.5888	480.54	0.030298	84.272	0.069562	0.0029617	0.10750	9.3021	25.462	44.939	2.6880	0.43080	1.2055	184.73	1.4517	12.157	0.011669
130.80	21.038	1.0596	0.94375	-64.920	-62.935	1.8626	0.44911	1.5925	479.48	0.030741	84.046	0.069438	0.0029432	0.10808	9.2526	25.421	44.886	2.6869	0.43129	1.2105	184.72	1.4488	12.176	0.011702
130.90	21.137	1.0585	0.94471	-64.777	-62.780	1.8637	0.44911	1.5962	478.42	0.031188	83.821	0.069314	0.0029247	0.10866	9.2033	25.380	44.833	2.6858	0.43178	1.2156	184.70	1.4459	12.194	0.011735
131.00	21.237	1.0574	0.94568	-64.634	-62.625	1.8648	0.44911	1.6000	477.36	0.031637	83.595	0.069190	0.0029062	0.10924	9.1543	25.339	44.779	2.6847	0.43227	1.2207	184.68	1.4430	12.212	0.011768
131.10	21.337	1.0564	0.94665	-64.490	-62.470	1.8659	0.44911	1.6038	476.30	0.032090	83.370	0.069066	0.0028878	0.10982	9.1056	25.297	44.725	2.6836	0.43277	1.2259	184.66	1.4401	12.230	0.011801
131.20	21.437	1.0553	0.94762	-64.346	-62.315	1.8671	0.44911	1.6077	475.23	0.032547	83.145	0.068942	0.0028694	0.11041	9.0571	25.255	44.671	2.6825	0.43327	1.2311	184.65	1.4373	12.249	0.011835
131.30	21.538	1.0542	0.94860	-64.202	-62.159	1.8682	0.44912	1.6116	474.16	0.033007	82.920	0.068817	0.0028510	0.11100	9.0089	25.212	44.616	2.6814	0.43377	1.2364	184.63	1.4344	12.267	0.011869
131.40	21.639	1.0531	0.94959	-64.058	-62.003	1.8693	0.44912	1.6155	473.09	0.033470	82.695	0.068693	0.0028326	0.11160	8.9609	25.170	44.560	2.6803	0.43427	1.2418	184.61	1.4315	12.286	0.011903
131.50	21.740	1.0520	0.95058	-63.914	-61.847	1.8704	0.44913	1.6195	472.02	0.033937	82.470	0.068569	0.0028143	0.11219	8.9132	25.127	44.504	2.6792	0.43477	1.2472	184.59	1.4286	12.305	0.011937
131.60	21.842	1.0509	0.95157	-63.769	-61.691	1.8715	0.44914	1.6235	470.95	0.034407	82.246	0.068446	0.0027959	0.11279	8.8657	25.083	44.448	2.6780	0.43528	1.2526	184.57	1.4257	12.324	0.011972
131.70	21.944	1.0498	0.95257	-63.624	-61.534	1.8726	0.44916	1.6275	469.87	0.034881	82.022	0.068322	0.0027776	0.11340	8.8185	25.039	44.391	2.6769	0.43579	1.2582	184.55	1.4228	12.342	0.012007
131.80	22.047	1.0487	0.95358	-63.479	-61.377	1.8738	0.44917	1.6316	468.79	0.035358	81.798	0.068198	0.0027594	0.11401	8.7715	24.995	44.333	2.6758	0.43631	1.2638	184.53	1.4199	12.361	0.012042
131.90	22.149	1.0476	0.95459	-63.334	-61.219	1.8749	0.44919	1.6358	467.71	0.035839	81.574	0.068074	0.0027411	0.11462	8.7247	24.951	44.275	2.6747	0.43682	1.2694	184.51	1.4170	12.380	0.012077
132.00	22.252	1.0465	0.95560	-63.188	-61.062	1.8760	0.44921	1.6400	466.63	0.036324	81.350	0.067950	0.0027229	0.11523	8.6782	24.906	44.217	2.6736	0.43734	1.2751	184.49	1.4141	12.400	0.012113
132.10	22.356	1.0453	0.95662	-63.042	-60.904	1.8771	0.44923	1.6442	465.55	0.036813	81.126	0.067826	0.0027047	0.11585	8.6319	24.860	44.158	2.6724	0.43786	1.2809	184.47	1.4112	12.419	0.012149
132.20	22.460	1.0442	0.95764	-62.896	-60.745	1.8782	0.44925	1.6485	464.46	0.037305	80.903	0.067702	0.0026865	0.11647	8.5859	24.815	44.098	2.6713	0.43838	1.2868	184.45	1.4083	12.438	0.012185
132.30	22.564	1.0431	0.95867	-62.750	-60.587	1.8794	0.44928	1.6528	463.37	0.037801	80.679	0.067579	0.0026684	0.11709	8.5401	24.769	44.038	2.6702	0.43891	1.2927	184.43	1.4054	12.457	0.012222
132.40	22.668	1.0420	0.95971	-62.603	-60.428	1.8805	0.44931	1.6572	462.28	0.038302	80.456	0.067455	0.0026502	0.11772	8.4945	24.722	43.978	2.6690	0.43944	1.2986	184.41	1.4025	12.477	0.012259
132.50	22.773	1.0409	0.96075	-62.456	-60.269	1.8816	0.44934	1.6616	461.19	0.038805	80.233	0.067331	0.0026321	0.11835	8.4492	24.675	43.917	2.6679	0.43997	1.3047	184.38	1.3996	12.496	0.012296
132.60	22.878	1.0397	0.96180	-62.309	-60.109	1.8827	0.44937	1.6661	460.09	0.039313	80.010	0.067207	0.0026141	0.11899	8.4041	24.628	43.855	2.6668	0.44051	1.3108	184.36	1.3967	12.516	0.012333
132.70	22.984	1.0386	0.96285	-62.162	-59.949	1.8839	0.44940	1.6706	458.99	0.039825	79.787	0.067084	0.0025960	0.11963	8.3592	24.581	43.793	2.6656	0.44105	1.3170	184.34	1.3938	12.536	0.012371
132.80	23.090	1.0374	0.96390	-62.015	-59.789	1.8850	0.44944	1.6752	457.89	0.040341	79.564	0.066960	0.0025780	0.12027	8.3145	24.533	43.731	2.6645	0.44159	1.3232	184.32	1.3909	12.556	0.012409
132.90	23.196	1.0363	0.96497	-61.867	-59.628	1.8861	0.44948	1.6798	456.79	0.040861	79.342	0.066836	0.0025600	0.12092	8.2701	24.484	43.667	2.6634	0.44213	1.3296	184.29	1.3880	12.576	0.012448
133.00	23.303	1.0352	0.96603	-61.719	-59.468	1.8873	0.44952	1.6845	455.69	0.041386	79.119	0.066713	0.0025420	0.12157	8.2259	24.435	43.604	2.6622	0.44268	1.3360	184.27	1.3851	12.596	0.012487
133.10	23.409	1.0340	0.96711	-61.570	-59.306	1.8884	0.44956	1.6892	454.58	0.041914	78.897	0.066589	0.0025240	0.12222	8.1819	24.386	43.540	2.6611	0.44323	1.3425	184.25	1.3822	12.616	0.012526
133.20	23.517	1.0329	0.96819	-61.422	-59.145	1.8895	0.44961	1.6940	453.47	0.042447	78.675	0.066466	0.0025061	0.12288	8.1381	24.337	43.475	2.6599	0.44379	1.3490	184.22	1.3793	12.636	0.012565
133.30	23.624	1.0317	0.96927	-61.273	-58.983	1.8907	0.44965	1.6988	452.36	0.042984	78.453	0.066342	0.0024882	0.12354	8.0946	24.287	43.410	2.6588	0.44434	1.3557	184.20	1.3763	12.656	0.012605
133.40	23.732	1.0305	0.97036	-61.124	-58.821	1.8918	0.44970	1.7037	451.25	0.043525	78.231	0.066218	0.0024703	0.12420	8.0512	24.236	43.344	2.6577	0.44490	1.3624	184.18	1.3734	12.677	0.012645
133.50	23.841	1.0294	0.97146	-60.974	-58.658	1.8929	0.44976	1.7086	450.13	0.044071	78.009	0.066095	0.0024525	0.12487	8.0081	24.185	43.277	2.6565	0.44547	1.3692	184.15	1.3705	12.697	0.012685
133.60	23.949	1.0282	0.97256	-60.825	-58.495	1.8941	0.44981	1.7136	449.01	0.044621	77.787	0.065971	0.0024347	0.12555	7.9652	24.134	43.210	2.6554	0.44604	1.3761	184.12	1.3676	12.718	0.012726
133.70	24.058	1.0270	0.97367	-60.675	-58.332	1.8952	0.44987	1.7187	447.89	0.045176	77.565	0.065848	0.0024169	0.12622	7.9225	24.082	43.143	2.6542	0.44661	1.3830	184.10	1.3646	12.739	0.012767
133.80	24.168	1.0259	0.97479	-60.525	-58.169	1.8964	0.44993	1.7238	446.77	0.045735	77.343	0.065724	0.0023991	0.12690	7.8800	24.030	43.075	2.6530	0.44718	1.3901	184.07	1.3617	12.760	0.012809
133.90	24.278	1.0247	0.97591	-60.374	-58.005	1.8975	0.44999	1.7290	445.64	0.046299	77.122	0.065601	0.0023814	0.12759	7.8377	23.978	43.006	2.6519	0.44776	1.3972	184.05	1.3588	12.780	0.012851
134.00	24.388	1.0235	0.97703	-60.223	-57.841	1.8987	0.45006	1.7342	444.51	0.046867	76.900	0.065477	0.0023636	0.12828	7.7956	23.925	42.937	2.6507	0.44835	1.4045	184.02	1.3558	12.801	0.012893
134.10	24.498	1.0223	0.97817	-60.072	-57.676	1.8998	0.45013	1.7396	443.38	0.047441	76.679	0.065354	0.0023459	0.12897	7.7538	23.871	42.867	2.6496	0.44893	1.4118	183.99	1.3529	12.823	0.012936
134.20	24.609	1.0211	0.97931	-59.921	-57.511	1.9010	0.45020	1.7449	442.25	0.048019	76.458	0.065230	0.0023283	0.12967	7.7121	23.818	42.796	2.6484	0.44952	1.4192	183.97	1.3499	12.844	0.012979
134.30	24.720	1.0199	0.98045	-59.769	-57.345	1.9021	0.45027	1.7504	441.12	0.048602	76.236	0.065107	0.0023106	0.13037	7.6706	23.763	42.725	2.6472	0.45012	1.4267	183.94	1.3470	12.865	0.013022
134.40	24.832	1.0187	0.98161	-59.617	-57.180	1.9033	0.45034	1.7558	439.98	0.049190	76.015	0.064983	0.0022930	0.13107	7.6293	23.709	42.654	2.6461	0.45072	1.4343	183.91	1.3440	12.887	0.013066
134.50	24.944	1.0175	0.98277	-59.465	-57.014	1.9044	0.45042	1.7614	438.84	0.049782	75.794	0.064860	0.0022754	0.13178	7.5883	23.653	42.581	2.6449	0.45132	1.4421	183.88	1.3411	12.908	0.013110
134.60	25.056	1.0163	0.98393	-59.312	-56.847	1.9056	0.45050	1.7670	437.69	0.050380	75.573	0.064737	0.0022579	0.13250	7.5474	23.598	42.508	2.6437	0.45193	1.4499	183.85	1.3381	12.930	0.013154
134.70	25.169	1.0151	0.98511	-59.160	-56.680	1.9067	0.45059	1.7728	436.55	0.050983	75.352	0.064613	0.0022403	0.13321	7.5067	23.542	42.435	2.6425	0.45254	1.4578	183.82	1.3351	12.952	0.013199
134.80	25.282	1.0139	0.98629	-59.006	-56.513	1.9079	0.45067	1.7785	435.40	0.051591	75.131	0.064490	0.0022228	0.13394	7.4662	23.485	42.361	2.6414	0.45315	1.4658	183.80	1.3322	12.974	0.013245
134.90	25.395	1.0127	0.98747	-58.853	-56.345	1.9090	0.45076	1.7844	434.25	0.052205	74.910	0.064366	0.0022054	0.13466	7.4259	23.428	42.286	2.6402	0.45377	1.4739	183.77	1.3292	12.996	0.013291
135.00	25.509	1.0115	0.98867	-58.699	-56.177	1.9102	0.45085	1.7903	433.10	0.052823	74.689	0.064243	0.0021879	0.13539	7.3858	23.370	42.211	2.6390	0.45440	1.4822	183.74	1.3262	13.018	0.013337
135.10	25.623	1.0102	0.98987	-58.545	-56.009	1.9114	0.45095	1.7963	431.94	0.053447	74.468	0.064119	0.0021705	0.13613	7.3459	23.312	42.135	2.6378	0.45503	1.4905	183.70	1.3232	13.040	0.013384
135.20	25.737	1.0090	0.99107	-58.391	-55.840	1.9125	0.45104	1.8024	430.78	0.054077	74.247	0.063996	0.0021531	0.13687	7.3061	23.254	42.058	2.6366	0.45566	1.4990	183.67	1.3202	13.063	0.013431
135.30	25.852	1.0078	0.99229	-58.236	-55.671	1.9137	0.45114	1.8085	429.62	0.054712	74.027	0.063872	0.0021357	0.13762	7.2666	23.195	41.980	2.6354	0.45630	1.5075	183.64	1.3172	13.085	0.013478
135.40	25.967	1.0065	0.99351	-58.081	-55.501	1.9149	0.45125	1.8147	428.46	0.055353	73.806	0.063749	0.0021184	0.13837	7.2272	23.135	41.902	2.6342	0.45695	1.5162	183.61	1.3143	13.108	0.013526
135.50	26.083	1.0053	0.99474	-57.925	-55.331	1.9160	0.45135	1.8210	427.29	0.055999	73.585	0.063626	0.0021011	0.13912	7.1881	23.075	41.824	2.6331	0.45760	1.5250	183.58	1.3112	13.131	0.013575
135.60	26.199	1.0040	0.99598	-57.770	-55.160	1.9172	0.45146	1.8274	426.13	0.056651	73.365	0.063502	0.0020838	0.13988	7.1491	23.015	41.744	2.6319	0.45825	1.5340	183.54	1.3082	13.154	0.013624
135.70	26.315	1.0028	0.99722	-57.614	-54.989	1.9184	0.45157	1.8339	424.95	0.057309	73.144	0.063379	0.0020666	0.14064	7.1102	22.954	41.664	2.6307	0.45891	1.5430	183.51	1.3052	13.177	0.013673
135.80	26.432	1.0015	0.99848	-57.457	-54.818	1.9196	0.45169	1.8405	423.78	0.057972	72.923	0.063255	0.0020493	0.14141	7.0716	22.892	41.584	2.6294	0.45958	1.5522	183.48	1.3022	13.200	0.013723
135.90	26.549	1.0003	0.99974	-57.300	-54.646	1.9207	0.45180	1.8471	422.60	0.058642	72.703	0.063132	0.0020322	0.14218	7.0331	22.830	41.502	2.6282	0.46025	1.5615	183.44	1.2992	13.223	0.013773
136.00	26.666	0.99900	1.0010	-57.143	-54.474	1.9219	0.45192	1.8539	421.42	0.059318	72.482	0.063008	0.0020150	0.14296	6.9948	22.768	41.420	2.6270	0.46092	1.5710	183.41	1.2962	13.247	0.013824
136.10	26.784	0.99772	1.0023	-56.986	-54.301	1.9231	0.45205	1.8607	420.24	0.060000	72.262	0.062885	0.0019979	0.14375	6.9567	22.704	41.337	2.6258	0.46161	1.5806	183.37	1.2931	13.270	0.013876
136.20	26.903	0.99645	1.0036	-56.828	-54.128	1.9243	0.45217	1.8676	419.06	0.060688	72.041	0.062761	0.0019808	0.14453	6.9188	22.641	41.254	2.6246	0.46229	1.5903	183.34	1.2901	13.294	0.013928
136.30	27.021	0.99516	1.0049	-56.670	-53.955	1.9255	0.45230	1.8746	417.87	0.061382	71.821	0.062638	0.0019637	0.14533	6.8810	22.577	41.170	2.6234	0.46299	1.6002	183.30	1.2870	13.318	0.013980
136.40	27.140	0.99388	1.0062	-56.511	-53.781	1.9267	0.45244	1.8818	416.68	0.062083	71.600	0.062514	0.0019466	0.14613	6.8434	22.512	41.085	2.6222	0.46369	1.6102	183.26	1.2840	13.342	0.014033
136.50	27.259	0.99259	1.0075	-56.352	-53.606	1.9279	0.45257	1.8890	415.48	0.062790	71.379	0.062391	0.0019296	0.14693	6.8060	22.446	40.999	2.6209	0.46439	1.6204	183.23	1.2809	13.366	0.014087
136.60	27.379	0.99129	1.0088	-56.193	-53.431	1.9291	0.45271	1.8963	414.29	0.063504	71.159	0.062267	0.0019126	0.14774	6.7687	22.381	40.913	2.6197	0.46511	1.6307	183.19	1.2778	13.390	0.014141
136.70	27.499	0.98999	1.0101	-56.034	-53.256	1.9302	0.45286	1.9037	413.09	0.064225	70.938	0.062144	0.0018957	0.14855	6.7316	22.314	40.826	2.6185	0.46583	1.6411	183.15	1.2748	13.415	0.014195
136.80	27.620	0.98868	1.0114	-55.873	-53.080	1.9314	0.45300	1.9112	411.88	0.064952	70.717	0.062020	0.0018787	0.14937	6.6947	22.247	40.738	2.6172	0.46655	1.6518	183.11	1.2717	13.439	0.014251
136.90	27.741	0.98737	1.0128	-55.713	-52.904	1.9326	0.45315	1.9189	410.68	0.065686	70.497	0.061896	0.0018618	0.15020	6.6579	22.180	40.649	2.6160	0.46728	1.6626	183.07	1.2686	13.464	0.014307
137.00	27.862	0.98605	1.0141	-55.552	-52.727	1.9338	0.45331	1.9266	409.47	0.066427	70.276	0.061773	0.0018450	0.15103	6.6213	22.111	40.559	2.6148	0.46802	1.6735	183.03	1.2655	13.489	0.014363
137.10	27.983	0.98473	1.0155	-55.391	-52.549	1.9350	0.45346	1.9344	408.26	0.067176	70.055	0.061649	0.0018281	0.15186	6.5848	22.043	40.469	2.6135	0.46877	1.6847	182.99	1.2624	13.514	0.014420
137.20	28.105	0.98340	1.0169	-55.229	-52.371	1.9363	0.45362	1.9424	407.05	0.067931	69.835	0.061526	0.0018113	0.15271	6.5485	21.973	40.378	2.6123	0.46952	1.6960	182.95	1.2593	13.539	0.014478
137.30	28.228	0.98207	1.0183	-55.067	-52.193	1.9375	0.45379	1.9505	405.83	0.068694	69.614	0.061402	0.0017946	0.15355	6.5124	21.903	40.286	2.6110	0.47028	1.7075	182.91	1.2562	13.565	0.014536
137.40	28.351	0.98073	1.0197	-54.905	-52.014	1.9387	0.45396	1.9587	404.61	0.069464	69.393	0.061278	0.0017778	0.15441	6.4764	21.833	40.194	2.6098	0.47105	1.7191	182.87	1.2531	13.590	0.014595
137.50	28.474	0.97938	1.0211	-54.742	-51.835	1.9399	0.45413	1.9670	403.38	0.070241	69.172	0.061155	0.0017611	0.15527	6.4406	21.762	40.100	2.6085	0.47182	1.7310	182.82	1.2499	13.616	0.014654
137.60	28.597	0.97803	1.0225	-54.579	-51.655	1.9411	0.45430	1.9755	402.16	0.071027	68.951	0.061031	0.0017444	0.15613	6.4049	21.690	40.006	2.6072	0.47260	1.7430	182.78	1.2468	13.642	0.014714
137.70	28.721	0.97667	1.0239	-54.415	-51.474	1.9423	0.45448	1.9840	400.93	0.071820	68.730	0.060907	0.0017278	0.15700	6.3694	21.617	39.911	2.6060	0.47339	1.7553	182.73	1.2436	13.668	0.014775
137.80	28.846	0.97531	1.0253	-54.251	-51.293	1.9435	0.45466	1.9928	399.69	0.072620	68.509	0.060783	0.0017112	0.15788	6.3340	21.544	39.815	2.6047	0.47419	1.7677	182.69	1.2405	13.694	0.014837
137.90	28.970	0.97394	1.0268	-54.086	-51.112	1.9448	0.45485	2.0016	398.46	0.073429	68.288	0.060660	0.0016946	0.15876	6.2988	21.471	39.718	2.6034	0.47500	1.7803	182.64	1.2373	13.720	0.014899
138.00	29.096	0.97257	1.0282	-53.921	-50.930	1.9460	0.45504	2.0106	397.21	0.074246	68.067	0.060536	0.0016781	0.15965	6.2637	21.396	39.621	2.6022	0.47581	1.7932	182.60	1.2341	13.747	0.014962
138.10	29.221	0.97119	1.0297	-53.756	-50.747	1.9472	0.45524	2.0197	395.97	0.075071	67.845	0.060412	0.0016615	0.16055	6.2287	21.321	39.522	2.6009	0.47663	1.8063	182.55	1.2310	13.773	0.015025
138.20	29.347	0.96980	1.0311	-53.590	-50.564	1.9485	0.45543	2.0290	394.72	0.075905	67.624	0.060288	0.0016451	0.16145	6.1940	21.246	39.423	2.5996	0.47746	1.8196	182.50	1.2278	13.800	0.015090
138.30	29.473	0.96841	1.0326	-53.424	-50.380	1.9497	0.45564	2.0384	393.47	0.076746	67.403	0.060165	0.0016286	0.16236	6.1593	21.169	39.323	2.5983	0.47830	1.8331	182.45	1.2246	13.827	0.015155
138.40	29.600	0.96701	1.0341	-53.257	-50.196	1.9509	0.45585	2.0479	392.22	0.077597	67.181	0.060041	0.0016122	0.16327	6.1248	21.092	39.222	2.5970	0.47915	1.8468	182.40	1.2214	13.855	0.015221
138.50	29.727	0.96561	1.0356	-53.090	-50.011	1.9522	0.45606	2.0576	390.96	0.078456	66.959	0.059917	0.0015958	0.16419	6.0904	21.014	39.120	2.5957	0.48001	1.8608	182.35	1.2181	13.882	0.015287
138.60	29.855	0.96420	1.0371	-52.922	-49.825	1.9534	0.45627	2.0675	389.70	0.079324	66.738	0.059793	0.0015794	0.16512	6.0562	20.936	39.017	2.5944	0.48087	1.8750	182.30	1.2149	13.910	0.015355
138.70	29.983	0.96278	1.0387	-52.754	-49.639	1.9547	0.45649	2.0776	388.44	0.080202	66.516	0.059669	0.0015631	0.16605	6.0221	20.857	38.913	2.5931	0.48175	1.8895	182.25	1.2117	13.938	0.015423
138.80	30.111	0.96135	1.0402	-52.585	-49.453	1.9559	0.45672	2.0877	387.17	0.081088	66.294	0.059545	0.0015468	0.16700	5.9882	20.777	38.808	2.5918	0.48263	1.9042	182.20	1.2084	13.966	0.015492
138.90	30.240	0.95992	1.0418	-52.416	-49.265	1.9572	0.45695	2.0981	385.89	0.081984	66.072	0.059421	0.0015306	0.16794	5.9544	20.696	38.702	2.5905	0.48353	1.9192	182.14	1.2052	13.994	0.015562
139.00	30.369	0.95849	1.0433	-52.246	-49.077	1.9584	0.45719	2.1087	384.62	0.082889	65.850	0.059297	0.0015144	0.16890	5.9207	20.615	38.595	2.5892	0.48443	1.9345	182.09	1.2019	14.022	0.015633
139.10	30.498	0.95704	1.0449	-52.076	-48.889	1.9597	0.45743	2.1194	383.34	0.083804	65.628	0.059173	0.0014982	0.16986	5.8872	20.533	38.488	2.5878	0.48534	1.9500	182.04	1.1986	14.051	0.015704
139.20	30.628	0.95559	1.0465	-51.905	-48.700	1.9609	0.45767	2.1303	382.05	0.084729	65.405	0.059049	0.0014821	0.17083	5.8538	20.450	38.379	2.5865	0.48627	1.9659	181.98	1.1953	14.080	0.015777
139.30	30.758	0.95413	1.0481	-51.733	-48.510	1.9622	0.45792	2.1414	380.76	0.085663	65.183	0.058925	0.0014659	0.17181	5.8205	20.366	38.269	2.5852	0.48720	1.9820	181.92	1.1920	14.109	0.015850
139.40	30.889	0.95266	1.0497	-51.562	-48.319	1.9635	0.45818	2.1527	379.47	0.086608	64.960	0.058801	0.0014499	0.17279	5.7873	20.282	38.159	2.5838	0.48815	1.9984	181.87	1.1887	14.138	0.015924
139.50	31.020	0.95119	1.0513	-51.389	-48.128	1.9647	0.45844	2.1641	378.18	0.087564	64.737	0.058677	0.0014338	0.17378	5.7543	20.197	38.047	2.5825	0.48910	2.0151	181.81	1.1854	14.168	0.016000
139.60	31.152	0.94971	1.0530	-51.216	-47.936	1.9660	0.45871	2.1758	376.87	0.088529	64.514	0.058553	0.0014178	0.17478	5.7214	20.111	37.934	2.5811	0.49007	2.0321	181.75	1.1821	14.197	0.016076
139.70	31.284	0.94822	1.0546	-51.043	-47.744	1.9673	0.45898	2.1877	375.57	0.089506	64.291	0.058429	0.0014019	0.17579	5.6886	20.024	37.820	2.5798	0.49104	2.0495	181.69	1.1787	14.227	0.016153
139.80	31.416	0.94672	1.0563	-50.869	-47.550	1.9686	0.45926	2.1998	374.26	0.090493	64.068	0.058305	0.0013859	0.17680	5.6560	19.936	37.705	2.5784	0.49203	2.0672	181.63	1.1754	14.257	0.016231
139.90	31.549	0.94522	1.0580	-50.694	-47.356	1.9699	0.45955	2.2121	372.95	0.091491	63.844	0.058181	0.0013700	0.17783	5.6234	19.848	37.589	2.5771	0.49303	2.0852	181.56	1.1720	14.288	0.016310
140.00	31.682	0.94371	1.0597	-50.519	-47.162	1.9712	0.45984	2.2247	371.63	0.092501	63.621	0.058057	0.0013542	0.17886	5.5910	19.759	37.472	2.5757	0.49404	2.1036	181.50	1.1686	14.318	0.016390
